message,lat,lng,time,summary,icon,temperature,apparentTemperature,dewPoint,humidity,pressure,windSpeed,windGust,windBearing,cloudCover,uvIndex,visibility,ozone,Country
success,23.634501,-102.552784,1577865600,Overcast,cloudy,50.56,50.56,48.43,0.92,1015.5,5.5,12.22,167,1,0,10,246.1,Mexico
success,23.634501,-102.552784,1577880000,Overcast,cloudy,48.56,45.23,48.56,1,1014,7.48,14.08,141,0.97,0,10,242.5,Mexico
success,23.634501,-102.552784,1577898000,Mostly Cloudy,partly-cloudy-day,58.09,58.09,49.19,0.72,1011.3,19.7,38.48,185,0.81,4,10,249.4,Mexico
success,23.634501,-102.552784,1577952000,Rain,rain,50.89,50.89,49.5,0.95,1008.3,13.69,29.71,286,0.94,0,8.372,252.3,Mexico
success,23.634501,-102.552784,1577966400,Overcast,cloudy,47.64,42.6,47.64,1,1007.6,11.52,17.11,249,0.92,0,10,254.7,Mexico
success,23.634501,-102.552784,1577984400,Dangerously Windy and Mostly Cloudy,wind,51.83,51.83,37.94,0.59,1010.3,29.12,54.77,237,0.66,4,10,263.3,Mexico
success,23.634501,-102.552784,1578038400,Clear,clear-night,37.76,31.4,31.66,0.78,1015.7,8.89,21.31,245,0,0,10,264.6,Mexico
success,23.634501,-102.552784,1578052800,Clear,clear-night,32.85,26.1,27.45,0.8,1018.6,7.65,12.03,241,0,0,10,264,Mexico
success,23.634501,-102.552784,1578070800,Clear,clear-day,49.26,46.46,28.49,0.44,1019.1,6.64,11.54,7,0,4,10,256.9,Mexico
success,23.634501,-102.552784,1578124800,Clear,clear-night,32.01,29.17,28.64,0.87,1031.5,3.11,4.98,1,0,0,10,268,Mexico
success,23.634501,-102.552784,1578139200,Clear,clear-night,28.78,25.61,24.68,0.84,1033.5,3.05,3.31,273,0,0,10,267.7,Mexico
success,23.634501,-102.552784,1578157200,Clear,clear-day,41.15,41.15,22.9,0.48,1031.5,2.77,4.33,124,0.01,4,10,265.7,Mexico
success,23.634501,-102.552784,1578211200,Clear,clear-night,33.25,30.66,21.14,0.61,1031.3,3.06,3.91,168,0.02,0,10,254,Mexico
success,23.634501,-102.552784,1578225600,Clear,clear-night,29.29,25.77,19.82,0.67,1033.1,3.34,3.96,220,0,0,10,252.4,Mexico
success,23.634501,-102.552784,1578243600,Clear,clear-day,46.33,46.33,24.26,0.42,1030,1.89,2.35,101,0,5,10,249.6,Mexico
success,23.634501,-102.552784,1578297600,Clear,clear-night,37.42,35.21,22.93,0.55,1026,3.19,3.88,210,0.21,0,10,245.8,Mexico
success,23.634501,-102.552784,1578312000,Clear,clear-night,29.92,25.29,21.34,0.7,1025.5,4.35,4.85,221,0.05,0,10,246.1,Mexico
success,23.634501,-102.552784,1578330000,Clear,clear-day,52.56,52.56,22.42,0.31,1024.3,4.22,6.08,197,0.15,4,10,246.2,Mexico
success,23.634501,-102.552784,1578384000,Overcast,cloudy,47.38,46.12,26.53,0.44,1023.1,3.66,8.03,330,0.9,0,10,248.7,Mexico
success,23.634501,-102.552784,1578398400,Mostly Cloudy,partly-cloudy-night,38.7,36.1,26.59,0.61,1024.3,3.72,5.65,326,0.66,0,10,249.3,Mexico
success,23.634501,-102.552784,1578416400,Clear,clear-day,53.82,53.82,31.19,0.42,1025.7,6.76,10.89,82,0.26,4,10,251.9,Mexico
success,23.634501,-102.552784,1578470400,Clear,clear-night,38.83,32.74,33.07,0.8,1025.5,8.82,23.14,153,0.01,0,10,254.7,Mexico
success,23.634501,-102.552784,1578484800,Clear,clear-night,33.61,27.76,30.98,0.9,1026.1,6.53,17.07,167,0.13,0,10,253.4,Mexico
success,23.634501,-102.552784,1578502800,Partly Cloudy,partly-cloudy-day,50.69,50.69,33.55,0.52,1023.1,8.49,12.98,165,0.34,4,10,253.4,Mexico
success,23.634501,-102.552784,1578556800,Partly Cloudy,partly-cloudy-night,46.87,44.2,37.08,0.69,1019,5.55,8.17,196,0.47,0,10,253.9,Mexico
success,23.634501,-102.552784,1578571200,Mostly Cloudy,partly-cloudy-night,41.11,37.55,36.57,0.84,1019.9,5.3,7.05,204,0.69,0,10,251.8,Mexico
success,23.634501,-102.552784,1578589200,Mostly Cloudy,partly-cloudy-day,59.33,59.33,39.11,0.47,1019.8,7.5,15.02,218,0.77,4,10,251.1,Mexico
success,23.634501,-102.552784,1578643200,Partly Cloudy,partly-cloudy-night,47.96,43.88,40.5,0.75,1017.4,8.98,19.12,229,0.38,0,10,252.8,Mexico
success,23.634501,-102.552784,1578657600,Clear,clear-night,42.78,36.97,36.89,0.8,1017.5,10.3,25.56,227,0.28,0,10,256.7,Mexico
success,23.634501,-102.552784,1578675600,Partly Cloudy,partly-cloudy-day,60.35,60.35,34.34,0.38,1015.9,19.38,31.95,230,0.42,4,10,261.2,Mexico
success,23.634501,-102.552784,1578729600,Clear,clear-night,41.51,36.63,29.97,0.63,1019.9,7.61,12.69,320,0.26,0,10,265.2,Mexico
success,23.634501,-102.552784,1578744000,Clear,clear-night,31.74,26.31,20.21,0.62,1023.1,5.52,9.07,345,0.07,0,10,269.4,Mexico
success,23.634501,-102.552784,1578762000,Clear,clear-day,45.39,45.39,18.6,0.34,1023.5,2.25,4.03,75,0.01,4,10,267.8,Mexico
success,23.634501,-102.552784,1578816000,Partly Cloudy,partly-cloudy-night,38.42,33.63,21.19,0.5,1021.3,6.38,11.95,177,0.44,0,10,259.9,Mexico
success,23.634501,-102.552784,1578830400,Partly Cloudy,partly-cloudy-night,34.19,28.59,29.04,0.81,1023.1,6.34,8.29,182,0.48,0,10,260.1,Mexico
success,23.634501,-102.552784,1578848400,Clear,clear-day,52.91,52.91,32.99,0.47,1020.7,5.2,5.78,180,0.27,4,10,260.9,Mexico
success,23.634501,-102.552784,1578902400,Mostly Cloudy,partly-cloudy-night,48.6,46.67,36.15,0.62,1019.2,4.84,6.8,200,0.65,0,10,247.1,Mexico
success,23.634501,-102.552784,1578916800,Overcast,cloudy,43.33,41.11,36.1,0.75,1020.7,4.06,6.16,212,0.99,0,10,249.4,Mexico
success,23.634501,-102.552784,1578934800,Overcast,cloudy,58.41,58.41,38.94,0.48,1022.2,3.33,4.16,190,0.97,3,10,248.2,Mexico
success,23.634501,-102.552784,1580544000,Mostly Cloudy,partly-cloudy-night,41.76,37.09,27.6,0.57,1024.6,7.31,15.71,2,0.79,0,10,268.9,Mexico
success,23.634501,-102.552784,1580558400,Partly Cloudy,partly-cloudy-night,37.3,33.17,28.95,0.72,1028.4,5.16,6.35,345,0.49,0,10,266.7,Mexico
success,23.634501,-102.552784,1580576400,Mostly Cloudy,partly-cloudy-day,45.95,42.19,27.93,0.49,1029.1,7.22,10.45,36,0.64,4,10,266.2,Mexico
success,23.634501,-102.552784,1580630400,Overcast,cloudy,44.76,43.64,32.73,0.62,1025.3,3.11,6.03,105,0.99,0,10,259.6,Mexico
success,23.634501,-102.552784,1580644800,Overcast,cloudy,43.41,41.74,35.99,0.75,1024.8,3.48,5.2,150,1,0,10,257.8,Mexico
success,23.634501,-102.552784,1580662800,Overcast,cloudy,53.31,53.31,42.05,0.66,1021.9,10.29,23.09,173,1,4,10,260.4,Mexico
success,23.634501,-102.552784,1580716800,Mostly Cloudy,partly-cloudy-night,48.35,45.21,47.27,0.96,1016.8,6.97,19.09,185,0.8,0,10,251.1,Mexico
success,23.634501,-102.552784,1580731200,Overcast,cloudy,48.84,45.31,48.23,0.98,1014.6,8.09,17.89,186,0.99,0,10,250.5,Mexico
success,23.634501,-102.552784,1580749200,Rain,rain,51.61,51.61,48.9,0.9,1016.5,18.55,32.43,223,1,4,10,252.7,Mexico
success,23.634501,-102.552784,1580803200,Clear,clear-night,48.63,42.75,46.8,0.93,1015.6,15.59,34.15,204,0.22,0,10,263.5,Mexico
success,23.634501,-102.552784,1580817600,Partly Cloudy,partly-cloudy-night,45.21,38.86,43.76,0.95,1014.9,13.74,36.7,213,0.42,0,10,261.3,Mexico
success,23.634501,-102.552784,1580835600,Windy and Mostly Cloudy,wind,55.59,55.59,42.56,0.62,1013.8,25.7,44.46,225,0.75,4,10,264.6,Mexico
success,23.634501,-102.552784,1580889600,Dangerously Windy and Partly Cloudy,wind,49.58,42.76,45.67,0.86,1011.5,21.57,47.65,222,0.49,0,10,260.6,Mexico
success,23.634501,-102.552784,1580904000,Windy and Partly Cloudy,wind,47.23,39.85,44.63,0.91,1009.6,20.58,45.7,223,0.39,0,10,260.8,Mexico
success,23.634501,-102.552784,1580922000,Dangerously Windy and Partly Cloudy,wind,57.56,57.56,42.29,0.57,1008.8,32.81,53.01,231,0.59,4,10,259.7,Mexico
success,23.634501,-102.552784,1580976000,Windy,wind,42.73,34.05,20.51,0.41,1011.5,20.07,46.03,236,0.14,0,10,269,Mexico
success,23.634501,-102.552784,1580990400,Clear,clear-night,39.92,30.99,19.66,0.44,1012.6,17.56,36.23,249,0.06,0,10,271.9,Mexico
success,23.634501,-102.552784,1581008400,Clear,clear-day,55.39,55.39,11.88,0.17,1013.2,19.41,31.39,351,0,5,10,276,Mexico
success,23.634501,-102.552784,1581062400,Clear,clear-night,39.54,36.93,23.29,0.52,1015.1,3.85,4.78,196,0.07,0,10,277,Mexico
success,23.634501,-102.552784,1581076800,Clear,clear-night,34.64,31.25,22.42,0.61,1017,3.89,4.38,191,0.09,0,10,280.1,Mexico
success,23.634501,-102.552784,1581094800,Clear,clear-day,55.96,55.96,25.29,0.3,1016,7.38,10.22,224,0.22,5,10,275.1,Mexico
success,23.634501,-102.552784,1581148800,Clear,clear-night,43.74,39.97,29.47,0.57,1018.4,6.41,7.94,227,0.21,0,10,265.9,Mexico
success,23.634501,-102.552784,1581163200,Clear,clear-night,37.1,33.31,25.27,0.62,1019.7,4.71,5.7,233,0.1,0,10,273.1,Mexico
success,23.634501,-102.552784,1581181200,Clear,clear-day,56.64,56.64,24.78,0.29,1018.7,6.19,7.36,206,0.16,5,10,281.7,Mexico
success,23.634501,-102.552784,1581235200,Partly Cloudy,partly-cloudy-night,46.57,42.63,27.05,0.46,1018.9,7.9,10.89,213,0.39,0,10,284,Mexico
success,23.634501,-102.552784,1581249600,Partly Cloudy,partly-cloudy-night,42.7,38.35,24.66,0.49,1019,7.08,10,204,0.53,0,10,291.2,Mexico
success,23.634501,-102.552784,1581267600,Partly Cloudy,partly-cloudy-day,61.6,61.6,32.65,0.34,1017.1,11.72,19.91,200,0.38,4,10,291.8,Mexico
success,23.634501,-102.552784,1581321600,Overcast,cloudy,54.1,54.1,44.28,0.69,1016.5,9.3,24.42,227,0.95,0,10,291.6,Mexico
success,23.634501,-102.552784,1581336000,Overcast,cloudy,49.97,46.12,47.21,0.9,1016,9.64,19.87,204,0.92,0,10,291.2,Mexico
success,23.634501,-102.552784,1581354000,Partly Cloudy,partly-cloudy-day,63.21,63.21,48.97,0.6,1015.5,15.94,28.1,216,0.42,5,10,284.1,Mexico
success,23.634501,-102.552784,1581408000,Overcast,cloudy,51.72,51.72,46.67,0.83,1016.6,8.4,18.02,221,0.94,0,10,260.2,Mexico
success,23.634501,-102.552784,1581422400,Partly Cloudy,partly-cloudy-night,45.72,42.05,42.08,0.87,1016.6,6.96,10.79,203,0.46,0,10,258,Mexico
success,23.634501,-102.552784,1581440400,Partly Cloudy,partly-cloudy-day,63.57,63.57,41.15,0.44,1014.8,13.84,22.5,192,0.41,5,10,261.6,Mexico
success,23.634501,-102.552784,1581494400,Overcast,cloudy,52.73,52.73,43.99,0.72,1013.3,11.01,29.51,234,1,0,10,265.7,Mexico
success,23.634501,-102.552784,1581508800,Overcast,cloudy,50.97,50.97,43.77,0.76,1011.6,14,30.42,217,1,0,10,267.7,Mexico
success,23.634501,-102.552784,1581526800,Overcast,cloudy,60.64,60.64,37.72,0.43,1011.1,22.49,36.46,227,0.98,4,10,269.9,Mexico
success,23.634501,-102.552784,1581580800,Clear,clear-night,41.3,38.51,28.56,0.6,1017,4.36,5.36,235,0.06,0,10,262.5,Mexico
success,23.634501,-102.552784,1581595200,Clear,clear-night,34.89,32.06,22,0.59,1018.4,3.41,4.43,230,0,0,10,267.8,Mexico
success,23.634501,-102.552784,1581613200,Clear,clear-day,54.38,54.38,27.86,0.36,1018.1,5.14,8.82,164,0,6,10,271.5,Mexico
success,23.634501,-102.552784,1583049600,Clear,clear-night,53.53,53.53,38.49,0.57,1017.7,9.96,17.93,251,0.01,0,10,262.2,Mexico
success,23.634501,-102.552784,1583064000,Clear,clear-night,46.37,42.79,37.01,0.7,1017.8,7.07,10.35,238,0.02,0,10,263.2,Mexico
success,23.634501,-102.552784,1583082000,Clear,clear-day,68.4,68.4,36.16,0.3,1015.3,11.25,21.22,243,0.04,7,10,262.8,Mexico
success,23.634501,-102.552784,1583136000,Clear,clear-night,50.85,50.85,40.78,0.68,1016.4,7.42,14.15,239,0.17,0,10,263.8,Mexico
success,23.634501,-102.552784,1583150400,Clear,clear-night,44.38,40.79,36.68,0.74,1015.9,6.32,7.94,242,0.03,0,10,262.8,Mexico
success,23.634501,-102.552784,1583168400,Partly Cloudy,partly-cloudy-day,68.93,68.93,27.66,0.21,1013.2,13.83,25.76,228,0.4,6,10,262,Mexico
success,23.634501,-102.552784,1583222400,Mostly Cloudy,partly-cloudy-night,53.15,53.15,34.97,0.5,1012.7,12.44,27.55,220,0.63,0,10,266,Mexico
success,23.634501,-102.552784,1583236800,Mostly Cloudy,partly-cloudy-night,48.93,43.89,36.65,0.62,1012.3,12.64,25.69,209,0.6,0,10,267.4,Mexico
success,23.634501,-102.552784,1583254800,Windy and Mostly Cloudy,wind,66.83,66.83,36.59,0.33,1009.4,27.77,46.89,213,0.69,5,10,269.5,Mexico
success,23.634501,-102.552784,1583308800,Dangerously Windy and Partly Cloudy,wind,54.48,54.48,41.59,0.62,1009.6,21.33,47.36,219,0.45,0,10,276.7,Mexico
success,23.634501,-102.552784,1583323200,Partly Cloudy,partly-cloudy-night,50.2,50.2,42.5,0.75,1011.4,11.36,26.26,222,0.5,0,10,277.5,Mexico
success,23.634501,-102.552784,1583341200,Partly Cloudy,partly-cloudy-day,64.65,64.65,38.54,0.38,1012,20.22,34.44,246,0.49,6,10,276.1,Mexico
success,23.634501,-102.552784,1583395200,Overcast,cloudy,47.79,45.12,20.81,0.34,1019.2,5.85,10.39,340,0.95,0,10,274.5,Mexico
success,23.634501,-102.552784,1583409600,Overcast,cloudy,43.32,39.96,16.84,0.34,1021.2,5.61,7.82,347,1,0,10,275.2,Mexico
success,23.634501,-102.552784,1583427600,Mostly Cloudy,partly-cloudy-day,55.47,55.47,28.21,0.35,1022,9.46,10.35,25,0.8,5,10,280.5,Mexico
success,23.634501,-102.552784,1583481600,Mostly Cloudy,partly-cloudy-night,47.42,43.23,43.41,0.86,1024.1,8.98,12.28,127,0.66,0,10,277.7,Mexico
success,23.634501,-102.552784,1583496000,Mostly Cloudy,partly-cloudy-night,43.47,38.33,42.21,0.95,1025.4,9.06,15.36,127,0.65,0,10,277,Mexico
success,23.634501,-102.552784,1583514000,Overcast,cloudy,55.08,55.08,43.59,0.65,1025.7,15.98,21.22,130,0.9,5,10,275.7,Mexico
success,23.634501,-102.552784,1583568000,Mostly Cloudy,partly-cloudy-night,47.49,42.25,41.01,0.78,1023.8,12.03,21.07,146,0.77,0,10,274.4,Mexico
success,23.634501,-102.552784,1583582400,Overcast,cloudy,43.75,38.72,40.6,0.89,1023.5,8.96,16.77,144,0.96,0,10,271.2,Mexico
success,23.634501,-102.552784,1583600400,Mostly Cloudy,partly-cloudy-day,60.96,60.96,43.41,0.52,1020.9,7.74,8.23,163,0.77,5,10,273.1,Mexico
success,23.634501,-102.552784,1583654400,Overcast,cloudy,53.96,53.96,48.59,0.82,1019.5,9.56,14.41,140,0.97,0,10,265.5,Mexico
success,23.634501,-102.552784,1583668800,Overcast,cloudy,49.34,47.57,47.77,0.94,1018.5,4.8,6.51,165,0.98,0,10,264.3,Mexico
success,23.634501,-102.552784,1583686800,Mostly Cloudy,partly-cloudy-day,61.59,61.59,47.48,0.6,1017.9,7.75,9.49,137,0.86,5,10,263.4,Mexico
success,23.634501,-102.552784,1583740800,Partly Cloudy,partly-cloudy-night,53.93,53.93,50.43,0.88,1018.9,6.08,10.05,157,0.57,0,10,257.2,Mexico
success,23.634501,-102.552784,1583755200,Clear,clear-night,48.39,46.02,46.56,0.93,1019.8,5.52,6.98,163,0.16,0,10,257.3,Mexico
success,23.634501,-102.552784,1583773200,Mostly Cloudy,partly-cloudy-day,64.21,64.21,49.69,0.59,1018.7,3.37,5.29,163,0.78,6,10,258.8,Mexico
success,23.634501,-102.552784,1583827200,Partly Cloudy,partly-cloudy-night,56.56,56.56,51.97,0.85,1020.3,3.61,5.81,109,0.58,0,10,257.4,Mexico
success,23.634501,-102.552784,1583841600,Overcast,cloudy,52.46,52.46,51.58,0.97,1021.8,6.01,8.74,73,1,0,10,258.1,Mexico
success,23.634501,-102.552784,1583859600,Partly Cloudy,partly-cloudy-day,62.69,62.69,52.69,0.7,1022.2,6.13,6.58,103,0.5,7,10,258.5,Mexico
success,23.634501,-102.552784,1583913600,Mostly Cloudy,partly-cloudy-night,57.16,57.16,54.22,0.9,1020.4,6.53,10.92,143,0.67,0,10,253.8,Mexico
success,23.634501,-102.552784,1583928000,Partly Cloudy,partly-cloudy-night,51.64,51.64,51.64,1,1020.6,4.09,4.71,186,0.44,0,10,254.9,Mexico
success,23.634501,-102.552784,1583946000,Partly Cloudy,partly-cloudy-day,65.98,65.98,53.77,0.65,1019,4.74,5.43,144,0.41,7,10,255,Mexico
success,23.634501,-102.552784,1584000000,Mostly Cloudy,partly-cloudy-night,59.97,59.97,51.42,0.73,1014.8,4.24,6.86,134,0.8,0,10,255.3,Mexico
success,23.634501,-102.552784,1584014400,Partly Cloudy,partly-cloudy-night,53.71,53.71,49.59,0.86,1014.8,3.17,3.37,211,0.59,0,10,250.4,Mexico
success,23.634501,-102.552784,1584032400,Overcast,cloudy,69.57,69.57,43.89,0.4,1014,6.63,6.63,350,0.91,5,10,253.6,Mexico
success,23.634501,-102.552784,1584086400,Partly Cloudy,partly-cloudy-night,57.73,57.73,47.72,0.69,1014.9,5.93,10.86,237,0.33,0,10,256.7,Mexico
success,23.634501,-102.552784,1584100800,Partly Cloudy,partly-cloudy-night,51.26,51.26,46.8,0.85,1016.5,3.44,5.05,175,0.57,0,10,256.6,Mexico
success,23.634501,-102.552784,1584118800,Mostly Cloudy,partly-cloudy-day,68.88,68.88,45.67,0.43,1015.1,3.89,8.3,213,0.67,6,10,258.7,Mexico
success,23.634501,-102.552784,1585728000,Mostly Cloudy,partly-cloudy-night,60.45,60.61,58.66,0.94,1012.7,15.06,24.48,150,0.72,0,10,271,Mexico
success,23.634501,-102.552784,1585742400,Partly Cloudy,partly-cloudy-night,57.42,57.54,57.3,1,1012.9,8.28,14.12,149,0.57,0,10,271.1,Mexico
success,23.634501,-102.552784,1585760400,Partly Cloudy,partly-cloudy-day,71.31,71.31,50.23,0.47,1012.4,6.4,10.13,251,0.49,7,10,271.1,Mexico
success,23.634501,-102.552784,1585814400,Clear,clear-night,58.94,58.94,41.21,0.52,1013.5,9.15,19.49,235,0.03,0,10,268.7,Mexico
success,23.634501,-102.552784,1585828800,Clear,clear-night,50.65,50.65,38.39,0.63,1014.6,5.47,11.39,215,0,0,10,271.2,Mexico
success,23.634501,-102.552784,1585846800,Clear,clear-day,74.02,74.02,31.32,0.21,1012.1,11.4,18.3,231,0,10,10,272.6,Mexico
success,23.634501,-102.552784,1585900800,Clear,clear-night,56.2,56.2,35.02,0.45,1012.8,8.14,15.11,246,0.16,0,10,271.1,Mexico
success,23.634501,-102.552784,1585915200,Clear,clear-night,47.48,44.99,33.24,0.58,1014.4,5.44,7.57,238,0,0,10,271.1,Mexico
success,23.634501,-102.552784,1585933200,Clear,clear-day,74.22,74.22,25.26,0.16,1012.1,9.59,17.5,241,0,10,10,270.6,Mexico
success,23.634501,-102.552784,1585987200,Clear,clear-night,55.49,55.49,30.5,0.38,1012.7,6.96,14.27,234,0,0,10,269.1,Mexico
success,23.634501,-102.552784,1586001600,Clear,clear-night,48.64,46.47,29.61,0.48,1013.6,5.25,7.77,204,0,0,10,270.6,Mexico
success,23.634501,-102.552784,1586019600,Clear,clear-day,73.22,73.22,24.87,0.16,1012.2,7.8,17.02,239,0,10,10,271.4,Mexico
success,23.634501,-102.552784,1586073600,Clear,clear-night,56.78,56.78,30.58,0.37,1012.9,5.69,9.16,255,0.1,0,10,266.1,Mexico
success,23.634501,-102.552784,1586088000,Clear,clear-night,48.93,47.63,32.62,0.53,1014.1,4.01,4.43,208,0.07,0,10,265.4,Mexico
success,23.634501,-102.552784,1586106000,Partly Cloudy,partly-cloudy-day,73.2,73.2,34.22,0.24,1012.4,8.22,15.23,178,0.32,9,10,264.5,Mexico
success,23.634501,-102.552784,1586160000,Clear,clear-night,56.23,56.23,30.36,0.37,1014.4,5.13,6.27,174,0.08,0,10,265.5,Mexico
success,23.634501,-102.552784,1586174400,Clear,clear-night,47.98,45.86,33.04,0.56,1015.8,4.97,7.41,194,0.16,0,10,265.8,Mexico
success,23.634501,-102.552784,1586192400,Clear,clear-day,73.69,73.69,28.33,0.19,1014.3,9.19,14.92,196,0.24,9,10,271.6,Mexico
success,23.634501,-102.552784,1586246400,Partly Cloudy,partly-cloudy-night,58.02,58.02,31.15,0.36,1017.2,5.6,8.61,245,0.56,0,10,275.5,Mexico
success,23.634501,-102.552784,1586260800,Clear,clear-night,49.71,48.33,33.41,0.53,1018.6,4.3,5.86,186,0.2,0,10,276.1,Mexico
success,23.634501,-102.552784,1586278800,Clear,clear-day,74.1,74.1,31.53,0.21,1016.2,8.9,16.9,204,0.05,9,10,278.1,Mexico
success,23.634501,-102.552784,1586332800,Partly Cloudy,partly-cloudy-night,57.93,57.93,28.94,0.33,1016.8,7.42,10.75,276,0.34,0,10,277.3,Mexico
success,23.634501,-102.552784,1586347200,Clear,clear-night,49.21,47.95,35.79,0.6,1018,4.02,5.36,275,0.1,0,10,280.4,Mexico
success,23.634501,-102.552784,1586365200,Clear,clear-day,71.46,71.46,37.28,0.29,1016.4,3.11,10.23,161,0,10,10,276.7,Mexico
success,23.634501,-102.552784,1586419200,Clear,clear-night,57.2,57.2,37.92,0.48,1016.6,7.16,9.75,281,0.03,0,10,268.1,Mexico
success,23.634501,-102.552784,1586433600,Clear,clear-night,49.31,47.74,38.37,0.66,1018.1,4.47,4.73,260,0.01,0,10,268,Mexico
success,23.634501,-102.552784,1586451600,Clear,clear-day,72.31,72.31,38.47,0.29,1016.2,6.23,13.2,221,0.22,9,10,273.8,Mexico
success,23.634501,-102.552784,1586505600,Mostly Cloudy,partly-cloudy-night,58.5,58.5,34.3,0.4,1015.4,8.2,16.38,263,0.66,0,10,268.5,Mexico
success,23.634501,-102.552784,1586520000,Partly Cloudy,partly-cloudy-night,51.59,51.59,33.16,0.49,1016.6,5.63,7.28,246,0.55,0,10,270.3,Mexico
success,23.634501,-102.552784,1586538000,Mostly Cloudy,partly-cloudy-day,74.44,74.44,27.27,0.17,1013.9,10.62,19.83,242,0.68,7,10,266.4,Mexico
success,23.634501,-102.552784,1586592000,Partly Cloudy,partly-cloudy-night,58.68,58.68,41.21,0.52,1013.4,8.34,16.03,236,0.59,0,10,267.5,Mexico
success,23.634501,-102.552784,1586606400,Overcast,cloudy,53.92,53.92,40.04,0.59,1013.2,9.44,20.36,213,0.99,0,10,271.4,Mexico
success,23.634501,-102.552784,1586624400,Mostly Cloudy,partly-cloudy-day,74.15,74.15,35.72,0.25,1011,17.38,30.31,223,0.79,6,10,275.3,Mexico
success,23.634501,-102.552784,1586678400,Windy,wind,56.51,56.51,37.92,0.5,1009.9,15.28,39.1,214,0.13,0,10,273,Mexico
success,23.634501,-102.552784,1586692800,Windy,wind,51.2,51.2,37.81,0.6,1010.8,14.54,40.59,217,0.16,0,10,276.4,Mexico
success,23.634501,-102.552784,1586710800,Windy,wind,71.95,71.95,18.06,0.13,1009.8,26.48,42.77,247,0.19,9,10,277.6,Mexico
success,23.634501,-102.552784,1586764800,Clear,clear-night,47.84,44.05,6.85,0.18,1018.3,8.22,11.65,236,0.03,0,10,273,Mexico
success,23.634501,-102.552784,1586779200,Clear,clear-night,39.18,34.43,-0.09,0.19,1020.3,6.55,8.07,220,0.03,0,10,274.8,Mexico
success,23.634501,-102.552784,1586797200,Clear,clear-day,70.68,70.68,-9.69,0.04,1015.6,13.29,20.49,237,0.01,10,10,271.9,Mexico
success,23.634501,-102.552784,1588320000,Clear,clear-night,58.5,58.5,52.99,0.82,1018.1,10.14,20.63,163,0.04,0,10,306.1,Mexico
success,23.634501,-102.552784,1588334400,Clear,clear-night,52.16,52.16,50.58,0.94,1019.6,4.43,5.9,184,0,0,10,308.3,Mexico
success,23.634501,-102.552784,1588352400,Clear,clear-day,74.72,74.72,45.47,0.35,1017.4,3.47,4.39,185,0,10,10,304.5,Mexico
success,23.634501,-102.552784,1588406400,Clear,clear-night,59.74,59.74,45.78,0.6,1017,7.29,15.95,159,0.21,0,10,293,Mexico
success,23.634501,-102.552784,1588420800,Clear,clear-night,53.29,53.29,48.95,0.85,1019.3,5.32,10.23,174,0.07,0,10,293,Mexico
success,23.634501,-102.552784,1588438800,Clear,clear-day,76.6,76.6,45.97,0.34,1016.5,4.6,6.73,357,0,10,10,292.4,Mexico
success,23.634501,-102.552784,1588492800,Partly Cloudy,partly-cloudy-night,61.73,61.73,47.38,0.59,1016.5,6.37,14.35,150,0.52,0,10,294,Mexico
success,23.634501,-102.552784,1588507200,Clear,clear-night,55.23,55.23,50.37,0.84,1017.9,4.15,7.95,182,0.19,0,10,294.9,Mexico
success,23.634501,-102.552784,1588525200,Clear,clear-day,77.97,77.97,48.55,0.36,1015,3.64,4.74,54,0.13,10,10,293.1,Mexico
success,23.634501,-102.552784,1588579200,Overcast,cloudy,60.84,60.84,57.38,0.88,1015.1,6.1,13.59,208,1,0,10,291.1,Mexico
success,23.634501,-102.552784,1588593600,Mostly Cloudy,partly-cloudy-night,55.63,55.63,54.72,0.97,1016.1,3.08,5.01,202,0.61,0,10,291.4,Mexico
success,23.634501,-102.552784,1588611600,Partly Cloudy,partly-cloudy-day,75.53,75.53,53.26,0.46,1013.7,2.68,2.97,226,0.41,8,10,293.1,Mexico
success,23.634501,-102.552784,1588665600,Overcast,cloudy,60.78,60.78,57.05,0.88,1013.8,8.92,17.03,218,0.99,0,10,293.4,Mexico
success,23.634501,-102.552784,1588680000,Overcast,cloudy,58.74,58.74,54.91,0.87,1015.1,5.17,13.31,240,0.95,0,10,294.6,Mexico
success,23.634501,-102.552784,1588698000,Partly Cloudy,partly-cloudy-day,75.84,75.84,50.5,0.41,1013.5,4.58,9.72,23,0.56,7,10,296.3,Mexico
success,23.634501,-102.552784,1588752000,Mostly Cloudy,partly-cloudy-night,59.38,59.38,56.87,0.91,1017.3,9.14,22.69,160,0.74,0,10,294.9,Mexico
success,23.634501,-102.552784,1588766400,Partly Cloudy,partly-cloudy-night,56.39,56.39,55.32,0.96,1018.7,3.23,7.13,163,0.58,0,10,293.2,Mexico
success,23.634501,-102.552784,1588784400,Mostly Cloudy,partly-cloudy-day,71.9,71.9,54,0.53,1017,6.51,10.65,103,0.63,7,10,295.6,Mexico
success,23.634501,-102.552784,1588838400,Clear,clear-night,57.04,57.04,54.22,0.9,1019.9,10.97,24.93,145,0.13,0,10,291.2,Mexico
success,23.634501,-102.552784,1588852800,Clear,clear-night,51.97,51.97,50.91,0.96,1021.4,6.62,16.22,161,0.13,0,10,294.9,Mexico
success,23.634501,-102.552784,1588870800,Clear,clear-day,69.59,69.59,48.29,0.47,1018.4,9.82,13.57,137,0.02,10,10,295.9,Mexico
success,23.634501,-102.552784,1588924800,Clear,clear-night,58.82,58.82,54.33,0.85,1015.8,9.8,23,171,0.04,0,10,292.3,Mexico
success,23.634501,-102.552784,1588939200,Clear,clear-night,55.36,55.36,54.11,0.96,1016.4,5.34,6.39,215,0.07,0,10,290.5,Mexico
success,23.634501,-102.552784,1588957200,Clear,clear-day,74.01,74.01,49.36,0.42,1014.8,11.02,12.97,321,0.3,9,10,292.9,Mexico
success,23.634501,-102.552784,1589011200,Possible Light Rain,rain,57.72,57.72,55.78,0.93,1017,7.46,11.22,3,0.97,0,10,299.6,Mexico
success,23.634501,-102.552784,1589025600,Clear,clear-night,54.21,54.21,53.96,0.99,1017.7,3.97,4.47,334,0.16,0,10,302.1,Mexico
success,23.634501,-102.552784,1589043600,Clear,clear-day,68.43,68.43,53.52,0.59,1016.6,3.2,4.28,343,0.05,10,10,304.6,Mexico
success,23.634501,-102.552784,1589097600,Clear,clear-night,56.36,56.36,52.65,0.87,1018,6.41,14.2,122,0.2,0,10,296.1,Mexico
success,23.634501,-102.552784,1589112000,Clear,clear-night,52.4,52.4,52.04,0.99,1019.3,5.12,10.05,177,0.05,0,10,292.7,Mexico
success,23.634501,-102.552784,1589130000,Clear,clear-day,70.92,70.92,51.14,0.5,1017,4.69,6.39,157,0.02,10,10,289.9,Mexico
success,23.634501,-102.552784,1589184000,Clear,clear-night,56.37,56.37,54.43,0.93,1019,15.92,29.28,150,0.09,0,10,281.8,Mexico
success,23.634501,-102.552784,1589198400,Partly Cloudy,partly-cloudy-night,53.4,53.4,53.4,1,1019.8,12.36,24.86,165,0.34,0,10,279.2,Mexico
success,23.634501,-102.552784,1589216400,Clear,clear-day,71.82,71.82,45.53,0.39,1017.6,11.99,16.27,202,0.23,10,10,278.4,Mexico
success,23.634501,-102.552784,1589270400,Clear,clear-night,56.02,56.02,37.4,0.5,1016,6.34,11.05,204,0,0,10,284.4,Mexico
success,23.634501,-102.552784,1589284800,Clear,clear-night,48.15,45.63,41.28,0.77,1018.7,5.7,7.56,180,0,0,10,285.2,Mexico
success,23.634501,-102.552784,1589302800,Clear,clear-day,72.07,72.07,28.82,0.2,1016.1,4.88,5.27,212,0,11,10,287.3,Mexico
success,23.634501,-102.552784,1589356800,Clear,clear-night,57.11,57.11,30.93,0.37,1014.5,7.06,13.95,249,0,0,10,289.2,Mexico
success,23.634501,-102.552784,1589371200,Clear,clear-night,46.56,44.01,33.53,0.6,1016.6,5.26,8.12,206,0,0,10,288.4,Mexico
success,23.634501,-102.552784,1589389200,Clear,clear-day,74.66,74.66,16.58,0.11,1013.8,8.15,14,214,0,11,10,285.9,Mexico
success,23.634501,-102.552784,1590998400,Clear,clear-night,56.78,56.78,54.4,0.92,1016.4,9.85,21.02,139,0.02,0,10,286.6,Mexico
success,23.634501,-102.552784,1591012800,Partly Cloudy,partly-cloudy-night,54.03,54.03,54.03,1,1018.7,7.46,16,143,0.4,0,10,284.6,Mexico
success,23.634501,-102.552784,1591030800,Clear,clear-day,70.56,70.56,52.21,0.52,1016.1,4.41,5.65,111,0.22,10,10,279.4,Mexico
success,23.634501,-102.552784,1591084800,Clear,clear-night,60.97,60.97,57.58,0.89,1015.7,11.68,20.17,142,0.17,0,10,270.3,Mexico
success,23.634501,-102.552784,1591099200,Partly Cloudy,partly-cloudy-night,56.04,56.16,56.04,1,1017.7,8.37,18.48,152,0.34,0,10,270.5,Mexico
success,23.634501,-102.552784,1591117200,Clear,clear-day,74.04,74.04,52.75,0.47,1015.6,5.76,8.94,60,0.15,10,10,273.1,Mexico
success,23.634501,-102.552784,1591171200,Clear,clear-night,61.72,61.77,58.47,0.89,1016.1,10.63,18.15,130,0.16,0,10,271.9,Mexico
success,23.634501,-102.552784,1591185600,Partly Cloudy,partly-cloudy-night,56.54,56.74,56.54,1,1017,5.61,9.95,162,0.38,0,10,274.1,Mexico
success,23.634501,-102.552784,1591203600,Clear,clear-day,76.18,76.18,49.55,0.39,1014,10.99,14.52,51,0.22,10,10,272.4,Mexico
success,23.634501,-102.552784,1591257600,Clear,clear-night,61.67,61.67,56.03,0.82,1013.8,9.29,17.43,121,0.07,0,10,274,Mexico
success,23.634501,-102.552784,1591272000,Partly Cloudy,partly-cloudy-night,54.55,54.66,54.55,1,1015.5,5,10.55,189,0.35,0,10,272.9,Mexico
success,23.634501,-102.552784,1591290000,Clear,clear-day,76.62,76.62,49.07,0.38,1012.5,9.79,17.59,53,0.17,10,10,273.3,Mexico
success,23.634501,-102.552784,1591344000,Clear,clear-night,61.37,61.51,58.91,0.92,1013.6,10.29,18.58,141,0.08,0,10,269.3,Mexico
success,23.634501,-102.552784,1591358400,Clear,clear-night,56.62,56.85,56.62,1,1016.1,6.08,15.36,147,0.19,0,10,271.4,Mexico
success,23.634501,-102.552784,1591376400,Clear,clear-day,74.94,74.94,56.18,0.52,1013.2,5.14,6.3,129,0.05,11,10,269.6,Mexico
success,23.634501,-102.552784,1591430400,Clear,clear-night,62.05,62.1,58.52,0.88,1013.3,10.67,19.67,139,0.07,0,10,270.1,Mexico
success,23.634501,-102.552784,1591444800,Partly Cloudy,partly-cloudy-night,57.49,57.77,57.49,1,1014.7,6.5,16.17,156,0.43,0,10,268.8,Mexico
success,23.634501,-102.552784,1591462800,Clear,clear-day,76.54,76.54,55.72,0.49,1012.2,4.48,6.98,82,0.13,11,10,267.1,Mexico
success,23.634501,-102.552784,1591516800,Clear,clear-night,62.26,62.26,54.63,0.76,1012.5,8.24,17.87,137,0.01,0,10,265.4,Mexico
success,23.634501,-102.552784,1591531200,Clear,clear-night,56.31,56.31,55.88,0.98,1013.2,4.88,9.4,143,0,0,10,268.3,Mexico
success,23.634501,-102.552784,1591549200,Clear,clear-day,78.72,78.72,50.29,0.37,1010.5,6.59,12.51,28,0,11,10,268.2,Mexico
success,23.634501,-102.552784,1591603200,Clear,clear-night,64.17,64.17,49.74,0.59,1010,4.55,7.83,156,0.29,0,10,279.9,Mexico
success,23.634501,-102.552784,1591617600,Clear,clear-night,57.74,57.74,51.55,0.8,1011.7,6.68,7.9,250,0.25,0,10,279,Mexico
success,23.634501,-102.552784,1591635600,Clear,clear-day,81.78,81.78,49.35,0.32,1009.2,7.48,7.94,359,0.01,11,10,276.2,Mexico
success,23.634501,-102.552784,1591689600,Mostly Cloudy,partly-cloudy-night,64.95,64.95,57.23,0.76,1011.8,10.29,24.07,205,0.71,0,10,278.7,Mexico
success,23.634501,-102.552784,1591704000,Partly Cloudy,partly-cloudy-night,58.53,58.53,56.93,0.94,1013.8,5.44,8.4,231,0.56,0,10,276.7,Mexico
success,23.634501,-102.552784,1591722000,Partly Cloudy,partly-cloudy-day,78.63,78.63,48.09,0.34,1012.8,5.46,5.46,43,0.5,8,10,276.7,Mexico
success,23.634501,-102.552784,1591776000,Mostly Cloudy,partly-cloudy-night,64.57,64.57,58.42,0.8,1015.1,11.54,25.88,137,0.87,0,10,279.6,Mexico
success,23.634501,-102.552784,1591790400,Partly Cloudy,partly-cloudy-night,60.9,61.09,59.05,0.94,1017.5,6.46,13.42,193,0.59,0,10,279.7,Mexico
success,23.634501,-102.552784,1591808400,Mostly Cloudy,partly-cloudy-day,75.88,75.88,55.17,0.49,1016.8,9.09,12.29,135,0.74,7,10,278.7,Mexico
success,23.634501,-102.552784,1591862400,Partly Cloudy,partly-cloudy-night,62.76,62.81,58.7,0.87,1020.8,11.77,25.28,133,0.41,0,10,282.1,Mexico
success,23.634501,-102.552784,1591876800,Clear,clear-night,58.21,58.44,58.21,1,1022.9,3.53,10.8,126,0.22,0,10,282.5,Mexico
success,23.634501,-102.552784,1591894800,Clear,clear-day,73.52,73.52,56.63,0.56,1021.8,11.46,17.29,98,0.11,10,10,278,Mexico
success,23.634501,-102.552784,1591948800,Partly Cloudy,partly-cloudy-night,60.66,60.66,57.51,0.89,1022.4,10.26,21.3,130,0.53,0,10,276.8,Mexico
success,23.634501,-102.552784,1591963200,Partly Cloudy,partly-cloudy-night,57.35,57.48,57.32,1,1023.1,4.48,9.84,128,0.59,0,10,277.6,Mexico
success,23.634501,-102.552784,1591981200,Partly Cloudy,partly-cloudy-day,70.71,70.71,58,0.64,1021,9.32,12.35,91,0.46,8,10,278.5,Mexico
success,23.634501,-102.552784,1592035200,Clear,clear-night,56.25,56.25,49.63,0.78,1020.3,9.16,21.61,133,0.14,0,10,284,Mexico
success,23.634501,-102.552784,1592049600,Clear,clear-night,49.97,48.35,49.53,0.98,1021.7,4.72,9.05,149,0,0,10,284.7,Mexico
success,23.634501,-102.552784,1592067600,Clear,clear-day,67.97,67.97,50.78,0.54,1018.2,6.19,7.91,82,0.15,10,10,281.1,Mexico
success,23.634501,-102.552784,1593590400,Mostly Cloudy,partly-cloudy-night,63.45,63.5,58.91,0.85,1013.6,6.57,19.09,144,0.61,0,9.372,273.5,Mexico
success,23.634501,-102.552784,1593604800,Partly Cloudy,partly-cloudy-night,59.49,59.93,59.49,1,1016.1,4.43,10.22,120,0.4,0,10,273.7,Mexico
success,23.634501,-102.552784,1593622800,Mostly Cloudy,partly-cloudy-day,72.65,72.76,61.04,0.67,1014.6,6.29,10.05,133,0.61,7,10,273.3,Mexico
success,23.634501,-102.552784,1593676800,Mostly Cloudy,partly-cloudy-night,63.29,63.6,60.62,0.91,1014.6,10.71,23.54,146,0.68,0,10,273.2,Mexico
success,23.634501,-102.552784,1593691200,Partly Cloudy,partly-cloudy-night,58.52,58.89,58.52,1,1016.4,6.73,16.21,155,0.52,0,10,273.7,Mexico
success,23.634501,-102.552784,1593709200,Mostly Cloudy,partly-cloudy-day,72.31,72.31,58.85,0.63,1015.8,6.08,8.39,141,0.69,7,10,273,Mexico
success,23.634501,-102.552784,1593763200,Mostly Cloudy,partly-cloudy-night,60.3,60.3,53.01,0.77,1017.2,8.02,22.4,142,0.72,0,10,276.1,Mexico
success,23.634501,-102.552784,1593777600,Mostly Cloudy,partly-cloudy-night,52.55,52.55,51.81,0.97,1019.2,4.22,10.01,171,0.66,0,10,277.4,Mexico
success,23.634501,-102.552784,1593795600,Partly Cloudy,partly-cloudy-day,71.68,71.68,51.34,0.49,1017.8,8.08,11.76,142,0.38,9,10,275.7,Mexico
success,23.634501,-102.552784,1593849600,Clear,clear-night,60.54,60.54,52.52,0.75,1018.1,7.61,20.17,148,0.08,0,10,281.9,Mexico
success,23.634501,-102.552784,1593864000,Clear,clear-night,54.51,54.51,53.43,0.96,1019.6,4.73,9.71,169,0.21,0,10,284.1,Mexico
success,23.634501,-102.552784,1593882000,Clear,clear-day,72.74,72.74,52.11,0.48,1016.2,6.1,11.86,130,0.29,9,10,284.4,Mexico
success,23.634501,-102.552784,1593936000,Partly Cloudy,partly-cloudy-night,61.27,61.27,52.27,0.72,1016.8,7.18,14.02,152,0.43,0,10,284.2,Mexico
success,23.634501,-102.552784,1593950400,Clear,clear-night,54.49,54.49,53.42,0.96,1017.9,5.33,6.8,178,0.07,0,10,283.7,Mexico
success,23.634501,-102.552784,1593968400,Clear,clear-day,75.97,75.97,49.51,0.39,1015,4.82,9.15,136,0,10,10,284.7,Mexico
success,23.634501,-102.552784,1594022400,Clear,clear-night,64.2,64.2,51.52,0.63,1014.6,7.19,16.41,146,0.16,0,10,279.2,Mexico
success,23.634501,-102.552784,1594036800,Clear,clear-night,58.87,58.87,54.58,0.86,1015.6,5.69,9.78,133,0.09,0,10,278,Mexico
success,23.634501,-102.552784,1594054800,Clear,clear-day,77.89,77.89,52.09,0.41,1013.7,4.57,8.37,77,0.02,10,10,277.8,Mexico
success,23.634501,-102.552784,1594108800,Clear,clear-night,64.76,64.76,55.63,0.72,1015.2,9.07,16.42,137,0.15,0,10,280.9,Mexico
success,23.634501,-102.552784,1594123200,Clear,clear-night,59.04,59.22,58.29,0.97,1016.2,8.83,19.98,151,0.02,0,10,278.4,Mexico
success,23.634501,-102.552784,1594141200,Clear,clear-day,77.24,77.24,54.01,0.45,1014.2,7.17,9.05,162,0.01,11,10,279.4,Mexico
success,23.634501,-102.552784,1594195200,Mostly Cloudy,partly-cloudy-night,64.11,64.41,60.84,0.89,1014.7,8.12,20.65,141,0.67,0,10,281.3,Mexico
success,23.634501,-102.552784,1594209600,Clear,clear-night,58.38,58.86,58.38,1,1015.7,4.66,12.15,150,0.29,0,10,278.4,Mexico
success,23.634501,-102.552784,1594227600,Clear,clear-day,76.76,76.76,58.22,0.53,1013.2,4.9,10.18,163,0.09,10,10,278.8,Mexico
success,23.634501,-102.552784,1594281600,Mostly Cloudy,partly-cloudy-night,63.24,63.54,60.56,0.91,1015.2,8.21,14.76,186,0.8,0,10,274.7,Mexico
success,23.634501,-102.552784,1594296000,Mostly Cloudy,partly-cloudy-night,61.09,61.54,60.72,0.99,1015.6,5.45,11.97,212,0.6,0,10,275.7,Mexico
success,23.634501,-102.552784,1594314000,Partly Cloudy,partly-cloudy-day,74.59,74.6,60.15,0.61,1014.2,3.42,6.69,151,0.51,8,10,275.6,Mexico
success,23.634501,-102.552784,1594368000,Partly Cloudy,partly-cloudy-night,61.78,62.1,60.24,0.95,1017,5.14,9.45,162,0.32,0,10,281.8,Mexico
success,23.634501,-102.552784,1594382400,Clear,clear-night,58.65,58.91,58.58,1,1019,5.33,9.43,174,0.12,0,10,283.3,Mexico
success,23.634501,-102.552784,1594400400,Clear,clear-day,74.32,74.32,54.6,0.5,1018.2,6.57,12.26,146,0.08,10,10,285.9,Mexico
success,23.634501,-102.552784,1594454400,Clear,clear-night,61.9,62,58.8,0.9,1019.1,8.75,23.83,144,0.29,0,10,279.3,Mexico
success,23.634501,-102.552784,1594468800,Clear,clear-night,57.46,57.59,57.37,1,1020.9,5.86,15.2,173,0.25,0,10,271.1,Mexico
success,23.634501,-102.552784,1594486800,Clear,clear-day,73.29,73.29,51.42,0.46,1019.8,9.09,14.05,119,0.18,10,10,273.6,Mexico
success,23.634501,-102.552784,1594540800,Partly Cloudy,partly-cloudy-night,61.52,61.52,57.02,0.85,1018.9,10.63,27.11,144,0.36,0,10,275.8,Mexico
success,23.634501,-102.552784,1594555200,Mostly Cloudy,partly-cloudy-night,56.2,56.34,56.2,1,1020.5,4.57,7.26,175,0.76,0,10,277.2,Mexico
success,23.634501,-102.552784,1594573200,Partly Cloudy,partly-cloudy-day,73.36,73.36,52.58,0.48,1017.9,8.59,9.97,137,0.49,8,10,281.4,Mexico
success,23.634501,-102.552784,1594627200,Clear,clear-night,63.66,63.66,50.48,0.62,1017.2,10.49,23.72,158,0.12,0,10,272.8,Mexico
success,23.634501,-102.552784,1594641600,Clear,clear-night,57.58,57.58,51,0.79,1018.9,5.89,7.82,160,0.07,0,10,275.8,Mexico
success,23.634501,-102.552784,1594659600,Partly Cloudy,partly-cloudy-day,75.65,75.65,51.01,0.42,1016.2,5.15,8.76,161,0.33,9,10,278.1,Mexico
success,23.634501,-102.552784,1596268800,Partly Cloudy,partly-cloudy-night,59.88,60.07,58.64,0.96,1017.8,4.29,7.1,142,0.32,0,10,271,Mexico
success,23.634501,-102.552784,1596283200,Clear,clear-night,56.03,56.19,56.03,1,1019.6,2.28,2.82,199,0.25,0,10,274.6,Mexico
success,23.634501,-102.552784,1596301200,Clear,clear-day,70.24,70.24,59.69,0.69,1017.5,4.25,6.77,118,0.04,10,10,271.8,Mexico
success,23.634501,-102.552784,1596355200,Mostly Cloudy,partly-cloudy-night,60.94,61.55,60.94,1,1018.2,4.09,8.2,112,0.71,0,10,272.4,Mexico
success,23.634501,-102.552784,1596369600,Partly Cloudy,partly-cloudy-night,57.11,57.41,57.11,1,1019.8,2.54,3.69,210,0.32,0,10,269.8,Mexico
success,23.634501,-102.552784,1596387600,Clear,clear-day,69.95,70.01,60.29,0.71,1017.5,4.33,4.8,41,0.07,10,10,272.8,Mexico
success,23.634501,-102.552784,1596441600,Clear,clear-night,59.03,59.24,58.49,0.98,1019.9,4.86,10.87,106,0.04,0,10,280.4,Mexico
success,23.634501,-102.552784,1596456000,Clear,clear-night,57.13,57.57,57.13,1,1021.1,1.93,2.53,150,0.01,0,10,278.9,Mexico
success,23.634501,-102.552784,1596474000,Clear,clear-day,69.88,70,60.84,0.73,1019.4,4.92,6.06,91,0.07,10,10,277.4,Mexico
success,23.634501,-102.552784,1596528000,Clear,clear-night,59.83,59.83,53.55,0.8,1019.7,5.54,10.45,124,0.2,0,10,278,Mexico
success,23.634501,-102.552784,1596542400,Partly Cloudy,partly-cloudy-night,55.92,56.08,55.92,1,1020.5,4.42,8,149,0.34,0,10,277.4,Mexico
success,23.634501,-102.552784,1596560400,Partly Cloudy,partly-cloudy-day,72.06,72.11,60.52,0.67,1018.7,5.58,7.19,119,0.32,9,10,281.7,Mexico
success,23.634501,-102.552784,1596614400,Clear,clear-night,60.83,60.89,58.16,0.91,1017.9,6.1,10.98,135,0.08,0,10,276.8,Mexico
success,23.634501,-102.552784,1596628800,Partly Cloudy,partly-cloudy-night,57.43,57.68,57.43,1,1019.3,4.94,10.63,154,0.52,0,10,272.5,Mexico
success,23.634501,-102.552784,1596646800,Partly Cloudy,partly-cloudy-day,71.94,71.94,59.22,0.64,1018.2,6.24,6.82,144,0.49,8,10,271.5,Mexico
success,23.634501,-102.552784,1596700800,Mostly Cloudy,partly-cloudy-night,61.93,62.14,59.5,0.92,1016.2,8.04,17.44,148,0.73,0,10,270.8,Mexico
success,23.634501,-102.552784,1596715200,Partly Cloudy,partly-cloudy-night,57.5,57.85,57.5,1,1017,6.32,14.4,149,0.58,0,10,271.3,Mexico
success,23.634501,-102.552784,1596733200,Partly Cloudy,partly-cloudy-day,71.87,71.87,58.73,0.63,1016.1,8.02,8.94,143,0.53,8,10,275.6,Mexico
success,23.634501,-102.552784,1596787200,Clear,clear-night,60.94,61.06,58.6,0.92,1016.9,10.46,24.96,150,0.27,0,10,277,Mexico
success,23.634501,-102.552784,1596801600,Clear,clear-night,55.37,55.44,55.37,1,1018.1,5.96,13.1,155,0.16,0,10,279.2,Mexico
success,23.634501,-102.552784,1596819600,Clear,clear-day,70.96,71,60.25,0.69,1016.7,9.12,10.88,145,0.17,9,10,279.8,Mexico
success,23.634501,-102.552784,1596873600,Clear,clear-night,59.78,59.97,58.6,0.96,1018.8,11.04,27.25,142,0.04,0,10,279,Mexico
success,23.634501,-102.552784,1596888000,Clear,clear-night,56.42,56.65,56.42,1,1020.1,4.85,11.78,166,0.18,0,10,276.5,Mexico
success,23.634501,-102.552784,1596906000,Clear,clear-day,70.45,70.45,58.55,0.66,1018.6,9.5,13.7,133,0.23,9,10,278.4,Mexico
success,23.634501,-102.552784,1596960000,Clear,clear-night,58.74,58.74,56.75,0.93,1020.2,10.21,24.6,138,0.29,0,10,279,Mexico
success,23.634501,-102.552784,1596974400,Clear,clear-night,53.58,53.58,53.58,1,1021.2,5.3,17.96,147,0.22,0,10,280.4,Mexico
success,23.634501,-102.552784,1596992400,Partly Cloudy,partly-cloudy-day,68.85,68.85,59.49,0.72,1018.9,14.39,19.24,132,0.35,8,10,278.5,Mexico
success,23.634501,-102.552784,1597046400,Clear,clear-night,55.95,56.03,55.95,1,1020.2,6.08,13.99,146,0.04,0,10,273,Mexico
success,23.634501,-102.552784,1597060800,Partly Cloudy,partly-cloudy-night,53.97,53.98,53.97,1,1020.6,3.85,9.18,147,0.32,0,10,275,Mexico
success,23.634501,-102.552784,1597078800,Partly Cloudy,partly-cloudy-day,68.62,68.75,60.74,0.76,1018.4,7.61,8.47,152,0.39,8,10,272.9,Mexico
success,23.634501,-102.552784,1597132800,Clear,clear-night,58.28,58.8,58.28,1,1017.4,4.95,12.59,147,0.03,0,10,269.5,Mexico
success,23.634501,-102.552784,1597147200,Partly Cloudy,partly-cloudy-night,55.29,55.55,55.29,1,1017.4,4.94,12.39,150,0.33,0,10,270.4,Mexico
success,23.634501,-102.552784,1597165200,Clear,clear-day,70.96,71.04,60.64,0.7,1016.2,10.63,14.45,134,0.2,9,10,271.1,Mexico
success,23.634501,-102.552784,1597219200,Clear,clear-night,58.4,58.4,56.9,0.95,1017.8,7.39,18.75,148,0.05,0,10,268.3,Mexico
success,23.634501,-102.552784,1597233600,Partly Cloudy,partly-cloudy-night,54.29,54.4,54.29,1,1018.7,4.6,10.88,156,0.33,0,10,270.7,Mexico
success,23.634501,-102.552784,1597251600,Clear,clear-day,69.58,69.58,57.7,0.66,1016.4,10.28,14.37,136,0.26,9,10,274.3,Mexico
success,23.634501,-102.552784,1597305600,Clear,clear-night,59.1,59.1,55,0.86,1018.2,8.88,21.68,157,0.02,0,10,269.7,Mexico
success,23.634501,-102.552784,1597320000,Clear,clear-night,53.52,53.52,53.52,1,1018.6,5.85,15.47,169,0.01,0,10,271.6,Mexico
success,23.634501,-102.552784,1597338000,Clear,clear-day,70.24,70.24,56.86,0.63,1016.3,9.15,12.87,135,0.18,9,10,277.2,Mexico
success,23.634501,-102.552784,1598947200,Mostly Cloudy,partly-cloudy-night,60.77,61.36,60.77,1,1014.3,6.64,10.3,202,0.7,0,10,274.1,Mexico
success,23.634501,-102.552784,1598961600,Partly Cloudy,partly-cloudy-night,56.68,57.13,56.68,1,1016.5,5.58,8.86,227,0.41,0,10,274.2,Mexico
success,23.634501,-102.552784,1598979600,Clear,clear-day,72.47,72.68,61.95,0.7,1015.4,6.84,9.32,278,0.15,9,10,268,Mexico
success,23.634501,-102.552784,1599033600,Partly Cloudy,partly-cloudy-night,61.66,62.06,60.6,0.96,1015.4,5.46,12.08,321,0.4,0,10,269.3,Mexico
success,23.634501,-102.552784,1599048000,Clear,clear-night,58.31,58.77,58.31,1,1016.3,3.99,5.25,291,0.29,0,9.264,269.1,Mexico
success,23.634501,-102.552784,1599066000,Clear,clear-day,73.07,73.48,63.66,0.72,1014.9,5.66,5.86,17,0.15,9,10,268.7,Mexico
success,23.634501,-102.552784,1599120000,Partly Cloudy,partly-cloudy-night,60.62,60.62,56.88,0.87,1015.6,3.57,8.34,150,0.43,0,10,269.5,Mexico
success,23.634501,-102.552784,1599134400,Clear,clear-night,55.09,55.09,55.09,1,1017.5,2.04,2.69,186,0.28,0,10,267.6,Mexico
success,23.634501,-102.552784,1599152400,Partly Cloudy,partly-cloudy-day,71.04,71.04,51.72,0.5,1016.7,6.01,9.43,103,0.57,7,10,263.8,Mexico
success,23.634501,-102.552784,1599206400,Partly Cloudy,partly-cloudy-night,60.51,60.51,55.8,0.84,1016.6,5.73,11.51,126,0.37,0,10,263.1,Mexico
success,23.634501,-102.552784,1599220800,Partly Cloudy,partly-cloudy-night,53.95,53.96,53.95,1,1018.5,2.77,5.51,157,0.4,0,10,267.5,Mexico
success,23.634501,-102.552784,1599238800,Partly Cloudy,partly-cloudy-day,70.1,70.1,56.63,0.62,1017.7,8.67,13.61,113,0.42,8,10,262.5,Mexico
success,23.634501,-102.552784,1599292800,Partly Cloudy,partly-cloudy-night,59.56,59.85,59.12,0.98,1018.9,5.95,13.58,115,0.45,0,10,257.7,Mexico
success,23.634501,-102.552784,1599307200,Clear,clear-night,57.27,57.51,57.27,1,1020.2,3.73,6.04,84,0.2,0,10,259.3,Mexico
success,23.634501,-102.552784,1599325200,Partly Cloudy,partly-cloudy-day,69.64,69.64,58.54,0.68,1019.3,10.07,14.24,68,0.59,7,10,259.3,Mexico
success,23.634501,-102.552784,1599379200,Overcast,cloudy,59.8,60.32,59.8,1,1019.7,7.44,16.36,110,1,0,10,258.2,Mexico
success,23.634501,-102.552784,1599393600,Overcast,cloudy,58.67,59.05,58.67,1,1020,4.82,9.93,77,1,0,10,257.2,Mexico
success,23.634501,-102.552784,1599411600,Overcast,cloudy,64.22,64.51,60.79,0.89,1019.2,10.71,15.55,94,1,5,10,262,Mexico
success,23.634501,-102.552784,1599465600,Mostly Cloudy,partly-cloudy-night,57.19,57.74,57.19,1,1018.1,5.9,12.57,144,0.86,0,10,260.5,Mexico
success,23.634501,-102.552784,1599480000,Mostly Cloudy,partly-cloudy-night,56.49,56.85,56.49,1,1017.3,5.74,16.92,146,0.86,0,10,266,Mexico
success,23.634501,-102.552784,1599498000,Mostly Cloudy,partly-cloudy-day,67.27,67.27,59.38,0.76,1015.2,9.64,13.14,150,0.87,6,10,265.6,Mexico
success,23.634501,-102.552784,1599552000,Rain,rain,59.04,59.48,59.04,1,1011.7,3.96,10.38,144,0.65,0,8.769,262.5,Mexico
success,23.634501,-102.552784,1599566400,Overcast,cloudy,56.93,57.25,56.93,1,1011.6,4.89,14.76,147,0.92,0,10,262,Mexico
success,23.634501,-102.552784,1599584400,Mostly Cloudy,partly-cloudy-day,69.35,69.62,61.96,0.77,1009.6,7.59,11.11,198,0.66,7,10,262.9,Mexico
success,23.634501,-102.552784,1599638400,Possible Light Rain,rain,61.84,62.65,61.84,1,1010.6,4.7,6.32,178,0.96,0,9.953,264.2,Mexico
success,23.634501,-102.552784,1599652800,Overcast,cloudy,60.12,60.77,60.12,1,1011.7,6.52,10.35,184,0.95,0,10,263.8,Mexico
success,23.634501,-102.552784,1599670800,Partly Cloudy,partly-cloudy-day,70.56,70.9,62.7,0.76,1012.8,5.74,7.54,198,0.37,8,10,266,Mexico
success,23.634501,-102.552784,1599724800,Rain,rain,60.96,61.9,60.96,1,1015.8,7.07,16.27,130,1,0,6.519,262.9,Mexico
success,23.634501,-102.552784,1599739200,Overcast,cloudy,60.68,61.51,60.68,1,1016.3,7.58,12.61,128,1,0,10,263.9,Mexico
success,23.634501,-102.552784,1599757200,Mostly Cloudy,partly-cloudy-day,69.01,69.4,62.85,0.81,1016.7,14.05,20.21,135,0.77,6,10,264.3,Mexico
success,23.634501,-102.552784,1599811200,Overcast,cloudy,59.66,60.14,59.66,1,1019,11,25.74,139,0.95,0,10,263.5,Mexico
success,23.634501,-102.552784,1599825600,Partly Cloudy,partly-cloudy-night,58.96,59.58,58.96,1,1018.7,6.11,19.6,123,0.45,0,10,265.6,Mexico
success,23.634501,-102.552784,1599843600,Overcast,cloudy,67.9,68.27,62.42,0.83,1017.4,10.64,16.48,128,0.94,5,10,265.1,Mexico
success,23.634501,-102.552784,1599897600,Overcast,cloudy,59.46,59.92,59.46,1,1016.2,9.93,18.5,136,0.89,0,10,264.8,Mexico
success,23.634501,-102.552784,1599912000,Mostly Cloudy,partly-cloudy-night,57.03,57.3,57.03,1,1017.3,6.4,13.74,146,0.76,0,10,262.7,Mexico
success,23.634501,-102.552784,1599930000,Clear,clear-day,67.08,67.08,59.25,0.76,1016.5,8.16,10.22,146,0.21,9,10,265.1,Mexico
success,23.634501,-102.552784,1599984000,Partly Cloudy,partly-cloudy-night,59.8,60.05,59.06,0.97,1014.7,5.46,6.71,88,0.48,0,10,268.9,Mexico
success,23.634501,-102.552784,1599998400,Mostly Cloudy,partly-cloudy-night,59.1,59.7,59.1,1,1015.1,4.01,8.01,120,0.64,0,9.125,269.6,Mexico
success,23.634501,-102.552784,1600016400,Mostly Cloudy,partly-cloudy-day,69.35,69.52,61.21,0.75,1015.1,7.58,9.1,127,0.72,6,10,270.2,Mexico
success,23.634501,-102.552784,1601539200,Clear,clear-night,49.79,48.76,36.68,0.61,1020.1,3.82,5.78,310,0.21,0,10,260.5,Mexico
success,23.634501,-102.552784,1601553600,Clear,clear-night,43.34,40.73,34.12,0.7,1021.7,4.54,6.13,289,0.15,0,10,260.4,Mexico
success,23.634501,-102.552784,1601571600,Clear,clear-day,67.94,67.94,35.63,0.3,1020.1,8.9,12.71,44,0,9,10,259.8,Mexico
success,23.634501,-102.552784,1601625600,Clear,clear-night,48.32,47.11,39.84,0.72,1021.5,3.76,9.6,128,0,0,10,257.6,Mexico
success,23.634501,-102.552784,1601640000,Clear,clear-night,43.56,43.56,41.06,0.91,1023.6,1.68,2.67,135,0,0,10,258.9,Mexico
success,23.634501,-102.552784,1601658000,Clear,clear-day,63.78,63.78,39.98,0.42,1020.6,8.62,12.93,85,0,9,10,259.5,Mexico
success,23.634501,-102.552784,1601712000,Clear,clear-night,47.27,43.54,43.76,0.88,1021,7.77,20.08,164,0,0,10,266.7,Mexico
success,23.634501,-102.552784,1601726400,Clear,clear-night,43.12,40.5,42.67,0.98,1022.2,4.52,8.13,188,0.07,0,10,268,Mexico
success,23.634501,-102.552784,1601744400,Partly Cloudy,partly-cloudy-day,59.87,59.87,46.06,0.6,1019.5,8.54,12.08,140,0.36,7,10,270.7,Mexico
success,23.634501,-102.552784,1601798400,Clear,clear-night,48.46,46.18,44.36,0.86,1020.8,5.39,12.24,166,0,0,10,271.7,Mexico
success,23.634501,-102.552784,1601812800,Clear,clear-night,43.81,43.81,42.31,0.94,1022.4,2.84,3.55,200,0,0,10,271.6,Mexico
success,23.634501,-102.552784,1601830800,Clear,clear-day,64.6,64.6,42.56,0.45,1019.6,7.33,12.61,101,0,8,10,273,Mexico
success,23.634501,-102.552784,1601884800,Clear,clear-night,48.07,45.21,43.06,0.83,1022.8,6.29,14.59,138,0,0,10,272.5,Mexico
success,23.634501,-102.552784,1601899200,Clear,clear-night,42.49,39.59,42.49,1,1024.5,4.74,8.68,168,0,0,10,272.1,Mexico
success,23.634501,-102.552784,1601917200,Clear,clear-day,61.87,61.87,44.45,0.53,1022.7,6.5,9.15,121,0,9,10,268.9,Mexico
success,23.634501,-102.552784,1601971200,Clear,clear-night,47.46,46.21,34.83,0.61,1019.9,3.65,4.59,194,0,0,10,268.6,Mexico
success,23.634501,-102.552784,1601985600,Clear,clear-night,41.33,39.63,35.38,0.79,1021.3,3.21,4.02,231,0,0,10,269.5,Mexico
success,23.634501,-102.552784,1602003600,Clear,clear-day,66.48,66.48,37.05,0.34,1019.2,6.54,9.28,77,0.04,8,10,272.4,Mexico
success,23.634501,-102.552784,1602057600,Clear,clear-night,48.39,47.68,34.12,0.58,1018.4,3.19,6.42,148,0,0,10,266.3,Mexico
success,23.634501,-102.552784,1602072000,Clear,clear-night,42.58,41.09,36.03,0.77,1020.2,3.17,3.76,234,0.02,0,10,267.2,Mexico
success,23.634501,-102.552784,1602090000,Clear,clear-day,67.66,67.66,39.81,0.36,1018,5,7.27,69,0.01,8,10,266.5,Mexico
success,23.634501,-102.552784,1602144000,Clear,clear-night,49.87,49.87,33.75,0.54,1017.5,2.75,3.69,152,0.01,0,10,254.6,Mexico
success,23.634501,-102.552784,1602158400,Clear,clear-night,43.54,41.9,32.24,0.64,1018.8,3.46,3.86,270,0.01,0,10,251,Mexico
success,23.634501,-102.552784,1602176400,Clear,clear-day,68.7,68.7,36.46,0.31,1017.2,5.95,8.68,14,0,9,10,253.8,Mexico
success,23.634501,-102.552784,1602230400,Partly Cloudy,partly-cloudy-night,49.47,47.62,32.59,0.52,1016.1,4.96,8.64,287,0.37,0,10,253.6,Mexico
success,23.634501,-102.552784,1602244800,Partly Cloudy,partly-cloudy-night,42.62,40.15,32.88,0.68,1017.9,4.22,5.1,270,0.35,0,10,253.9,Mexico
success,23.634501,-102.552784,1602262800,Clear,clear-day,69.31,69.31,33.44,0.27,1016.3,5.23,7.46,358,0.27,8,10,257.2,Mexico
success,23.634501,-102.552784,1602316800,Clear,clear-night,50.24,50.24,28.24,0.42,1017.1,4.27,7.01,156,0.29,0,10,258,Mexico
success,23.634501,-102.552784,1602331200,Clear,clear-night,42.82,41.16,29.92,0.6,1018.6,3.37,3.83,244,0.02,0,10,257.8,Mexico
success,23.634501,-102.552784,1602349200,Clear,clear-day,70.23,70.23,32.74,0.25,1017,4.53,6.35,74,0.11,8,10,259.3,Mexico
success,23.634501,-102.552784,1602403200,Clear,clear-night,51.99,51.99,22.47,0.31,1016.5,3.86,5.72,178,0.06,0,10,258.6,Mexico
success,23.634501,-102.552784,1602417600,Clear,clear-night,46.06,44.31,31.61,0.57,1017.7,4.01,5,204,0.08,0,10,257.3,Mexico
success,23.634501,-102.552784,1602435600,Clear,clear-day,71.46,71.46,44.35,0.38,1015.2,4.34,5.32,170,0.21,8,10,258.5,Mexico
success,23.634501,-102.552784,1602489600,Clear,clear-night,55.12,55.12,39.46,0.55,1015.5,4.67,8.5,164,0.27,0,10,265.4,Mexico
success,23.634501,-102.552784,1602504000,Partly Cloudy,partly-cloudy-night,48.49,47.27,42.5,0.8,1018.1,3.82,6.25,171,0.45,0,10,267.9,Mexico
success,23.634501,-102.552784,1602522000,Clear,clear-day,72.29,72.29,47.99,0.42,1016.4,5.7,10.84,110,0.21,7,10,267,Mexico
success,23.634501,-102.552784,1602576000,Mostly Cloudy,partly-cloudy-night,53.39,53.39,51.68,0.94,1019.7,6.74,21.45,139,0.6,0,10,265.3,Mexico
success,23.634501,-102.552784,1602590400,Mostly Cloudy,partly-cloudy-night,53.7,53.7,53.7,1,1021,4.37,8.71,111,0.74,0,10,263.7,Mexico
success,23.634501,-102.552784,1602608400,Mostly Cloudy,partly-cloudy-day,68.03,68.03,58.41,0.71,1020.8,9.59,14.88,130,0.64,6,10,263.7,Mexico
success,23.634501,-102.552784,1604217600,Clear,clear-night,49.79,49,35.41,0.58,1022.8,3.52,5.85,359,0.02,0,10,255.9,Mexico
success,23.634501,-102.552784,1604232000,Clear,clear-night,43.19,41.43,35.25,0.73,1024.9,3.54,6.2,317,0,0,10,254.5,Mexico
success,23.634501,-102.552784,1604250000,Clear,clear-day,66.13,66.13,39.18,0.37,1024.4,7.81,11.94,66,0.01,7,10,256.1,Mexico
success,23.634501,-102.552784,1604304000,Partly Cloudy,partly-cloudy-night,45.86,41.99,43.6,0.92,1028.5,7.43,18.27,125,0.56,0,10,250.2,Mexico
success,23.634501,-102.552784,1604318400,Mostly Cloudy,partly-cloudy-night,43.68,40.55,42.3,0.95,1030,5.34,11.55,118,0.6,0,10,249.6,Mexico
success,23.634501,-102.552784,1604336400,Partly Cloudy,partly-cloudy-day,56.98,56.98,41.64,0.56,1028.9,7.87,11.64,97,0.42,6,10,250.6,Mexico
success,23.634501,-102.552784,1604390400,Clear,clear-night,42.25,36.74,41.16,0.96,1027.4,9.27,20.96,150,0.1,0,10,251.1,Mexico
success,23.634501,-102.552784,1604404800,Partly Cloudy,partly-cloudy-night,37.49,33.41,37.49,1,1028,5.14,12.43,155,0.35,0,10,251.3,Mexico
success,23.634501,-102.552784,1604422800,Clear,clear-day,54.81,54.81,41.52,0.61,1024.5,10.9,16.43,131,0.31,6,10,250.7,Mexico
success,23.634501,-102.552784,1604476800,Clear,clear-night,43.28,39.13,41.53,0.93,1024.1,6.93,15.17,146,0.08,0,10,249.9,Mexico
success,23.634501,-102.552784,1604491200,Partly Cloudy,partly-cloudy-night,37.84,34.42,37.84,1,1025.5,4.44,8.35,157,0.32,0,10,249.7,Mexico
success,23.634501,-102.552784,1604509200,Clear,clear-day,57.56,57.56,35.46,0.43,1023.6,8.45,13.55,140,0.26,6,10,249.1,Mexico
success,23.634501,-102.552784,1604563200,Partly Cloudy,partly-cloudy-night,41.09,37.42,33.31,0.74,1024.1,5.47,9.55,177,0.34,0,10,249.2,Mexico
success,23.634501,-102.552784,1604577600,Clear,clear-night,35.61,35.61,34.27,0.95,1025.6,2.93,3.59,236,0.2,0,10,249.6,Mexico
success,23.634501,-102.552784,1604595600,Clear,clear-day,60.57,60.57,33.7,0.36,1022.6,6.23,9.95,91,0.17,6,10,252.4,Mexico
success,23.634501,-102.552784,1604649600,Clear,clear-night,42.75,40.16,32.31,0.66,1020.7,4.4,6.97,173,0.04,0,10,249.6,Mexico
success,23.634501,-102.552784,1604664000,Clear,clear-night,37.16,33.86,35.38,0.93,1021.3,4.19,5.63,193,0.13,0,10,247.8,Mexico
success,23.634501,-102.552784,1604682000,Clear,clear-day,57.49,57.49,39.4,0.51,1019.2,6.54,7.98,142,0.16,6,10,245.7,Mexico
success,23.634501,-102.552784,1604736000,Clear,clear-night,42.42,37.63,37.37,0.82,1018.1,7.81,18.08,166,0.01,0,10,243.8,Mexico
success,23.634501,-102.552784,1604750400,Clear,clear-night,37.37,32.39,37.37,1,1018.8,6.35,9.49,169,0.12,0,10,242.3,Mexico
success,23.634501,-102.552784,1604768400,Partly Cloudy,partly-cloudy-day,62.57,62.57,38.29,0.41,1015.5,6.56,8.46,189,0.32,6,10,246.6,Mexico
success,23.634501,-102.552784,1604822400,Clear,clear-night,45.59,42.45,33.69,0.63,1015.1,5.94,7.85,180,0.14,0,10,247,Mexico
success,23.634501,-102.552784,1604836800,Clear,clear-night,39.45,35.58,32.99,0.77,1015.8,5.32,6.65,199,0.03,0,10,246.3,Mexico
success,23.634501,-102.552784,1604854800,Clear,clear-day,66.89,66.89,37.65,0.34,1014.1,6.38,9.79,241,0,7,10,247.7,Mexico
success,23.634501,-102.552784,1604908800,Clear,clear-night,51.44,51.44,45.13,0.79,1016,6.29,8.87,218,0,0,10,246,Mexico
success,23.634501,-102.552784,1604923200,Clear,clear-night,44.01,41.1,42.57,0.95,1017.2,5.12,6.8,207,0.02,0,10,246.3,Mexico
success,23.634501,-102.552784,1604941200,Clear,clear-day,69.79,69.79,44.11,0.4,1015.5,6.79,10.23,220,0,7,10,248.7,Mexico
success,23.634501,-102.552784,1604995200,Clear,clear-night,52.93,52.93,40.45,0.62,1015.2,7.82,11.2,261,0,0,10,247.4,Mexico
success,23.634501,-102.552784,1605009600,Clear,clear-night,45.12,42.91,38.18,0.77,1015.7,4.4,5.26,234,0,0,10,247.2,Mexico
success,23.634501,-102.552784,1605027600,Clear,clear-day,69.45,69.45,38.2,0.32,1013.7,3.06,5.58,250,0,7,10,246.9,Mexico
success,23.634501,-102.552784,1605081600,Clear,clear-night,51.79,51.79,38.86,0.61,1013.6,5.82,7.54,193,0,0,10,247.3,Mexico
success,23.634501,-102.552784,1605096000,Clear,clear-night,44.15,41.11,38.17,0.79,1014.8,5.36,6.93,198,0,0,10,246.9,Mexico
success,23.634501,-102.552784,1605114000,Clear,clear-day,68.11,68.11,39.95,0.36,1013.7,5.26,10.57,235,0.28,6,10,244.8,Mexico
success,23.634501,-102.552784,1605168000,Clear,clear-night,49.28,47.31,36.99,0.62,1016,5.09,6.07,193,0.1,0,10,246.8,Mexico
success,23.634501,-102.552784,1605182400,Clear,clear-night,41.75,38.22,35.4,0.78,1017.3,5.43,7.26,186,0.09,0,10,248,Mexico
success,23.634501,-102.552784,1605200400,Clear,clear-day,67.76,67.76,34.41,0.29,1016.6,6.34,11.12,201,0.1,6,10,247.5,Mexico
success,23.634501,-102.552784,1605254400,Clear,clear-night,48.75,46.79,33.57,0.56,1018.3,4.94,6.68,197,0.24,0,10,249.1,Mexico
success,23.634501,-102.552784,1605268800,Clear,clear-night,42.51,39.8,33.41,0.7,1019.4,4.5,6.05,199,0.2,0,10,248.6,Mexico
success,23.634501,-102.552784,1605286800,Clear,clear-day,68.57,68.57,37.17,0.32,1018.6,5.32,9.79,184,0,6,10,249.3,Mexico
success,23.634501,-102.552784,1606809600,Partly Cloudy,partly-cloudy-night,40.77,35.42,39.47,0.95,1022.6,8.19,13.22,146,0.45,0,10,263.7,Mexico
success,23.634501,-102.552784,1606824000,Partly Cloudy,partly-cloudy-night,38.21,32.74,38.21,1,1022.2,7.4,10.62,158,0.43,0,10,263.1,Mexico
success,23.634501,-102.552784,1606842000,Clear,clear-day,56.63,56.63,41.85,0.58,1018.4,9.65,19.01,216,0.2,5,10,267.7,Mexico
success,23.634501,-102.552784,1606896000,Clear,clear-night,44.07,39.89,41.31,0.9,1016.3,7.29,11.89,246,0,0,10,276.8,Mexico
success,23.634501,-102.552784,1606910400,Clear,clear-night,38.42,33.98,38.24,0.99,1019.1,5.84,7.43,243,0.19,0,10,277.7,Mexico
success,23.634501,-102.552784,1606928400,Clear,clear-day,57.54,57.54,35.29,0.43,1019,6.61,9.77,315,0.2,4,10,279.9,Mexico
success,23.634501,-102.552784,1606982400,Clear,clear-night,42.69,38.3,31.17,0.64,1017.2,7.14,9.9,214,0,0,10,272.3,Mexico
success,23.634501,-102.552784,1606996800,Clear,clear-night,35.35,30.48,32.29,0.89,1019.2,5.64,7.93,207,0,0,10,269.7,Mexico
success,23.634501,-102.552784,1607014800,Clear,clear-day,58.27,58.27,36.94,0.45,1018.6,8.76,17.16,210,0.01,5,10,276.2,Mexico
success,23.634501,-102.552784,1607068800,Clear,clear-night,41.73,37.51,38.49,0.88,1017.7,6.49,10.27,220,0,0,10,281.1,Mexico
success,23.634501,-102.552784,1607083200,Clear,clear-night,38.7,34.94,37.64,0.96,1018.4,5.01,7.23,190,0.28,0,10,276.1,Mexico
success,23.634501,-102.552784,1607101200,Mostly Cloudy,partly-cloudy-day,57.53,57.53,47.11,0.68,1016.7,13.26,26.5,204,0.6,4,10,275.9,Mexico
success,23.634501,-102.552784,1607155200,Mostly Cloudy,partly-cloudy-night,49.29,44.89,47.73,0.94,1017.4,10.8,24.83,197,0.62,0,10,275.1,Mexico
success,23.634501,-102.552784,1607169600,Mostly Cloudy,partly-cloudy-night,45.94,40.53,44.9,0.96,1018.4,11.34,27.9,204,0.61,0,10,275.1,Mexico
success,23.634501,-102.552784,1607187600,Partly Cloudy,partly-cloudy-day,61.6,61.6,38.86,0.43,1017.5,20.91,33.75,226,0.51,4,10,275.3,Mexico
success,23.634501,-102.552784,1607241600,Mostly Cloudy,partly-cloudy-night,35.17,31.06,24.88,0.66,1023.5,4.7,6.7,352,0.78,0,10,273.1,Mexico
success,23.634501,-102.552784,1607256000,Overcast,cloudy,32.7,28.05,24.64,0.72,1024.9,4.84,9.28,344,0.89,0,10,272.2,Mexico
success,23.634501,-102.552784,1607274000,Mostly Cloudy,partly-cloudy-day,43.64,40.59,27.44,0.53,1024.5,5.22,5.31,11,0.81,3,10,276.5,Mexico
success,23.634501,-102.552784,1607328000,Partly Cloudy,partly-cloudy-night,32.13,32.13,21.11,0.63,1024.9,2.29,3.18,328,0.37,0,10,272.1,Mexico
success,23.634501,-102.552784,1607342400,Partly Cloudy,partly-cloudy-night,28.92,28.92,20.02,0.69,1027,2.26,3.81,294,0.33,0,10,271.3,Mexico
success,23.634501,-102.552784,1607360400,Mostly Cloudy,partly-cloudy-day,49.84,48.02,24.17,0.36,1024.6,5.01,8.04,124,0.6,4,10,268.6,Mexico
success,23.634501,-102.552784,1607414400,Partly Cloudy,partly-cloudy-night,43.49,40.78,40.07,0.88,1023.6,4.72,8.53,139,0.45,0,10,262.4,Mexico
success,23.634501,-102.552784,1607428800,Partly Cloudy,partly-cloudy-night,40.27,40.27,37.67,0.9,1026.2,2.36,4.59,122,0.55,0,10,261.3,Mexico
success,23.634501,-102.552784,1607446800,Partly Cloudy,partly-cloudy-day,55.98,55.98,40.56,0.56,1025.3,5.5,7.26,116,0.36,4,10,262.3,Mexico
success,23.634501,-102.552784,1607500800,Partly Cloudy,partly-cloudy-night,46.51,45.16,39.55,0.77,1024.8,3.6,4.66,110,0.49,0,10,264.5,Mexico
success,23.634501,-102.552784,1607515200,Partly Cloudy,partly-cloudy-night,42.5,42.5,37.4,0.82,1026.1,2.82,3.82,189,0.38,0,10,264.8,Mexico
success,23.634501,-102.552784,1607533200,Partly Cloudy,partly-cloudy-day,59.22,59.22,39.8,0.48,1024.1,5.08,6.64,163,0.42,4,10,262.8,Mexico
success,23.634501,-102.552784,1607587200,Clear,clear-night,48.2,46.09,40.16,0.74,1019.3,5.03,6.96,175,0.3,0,10,261.2,Mexico
success,23.634501,-102.552784,1607601600,Clear,clear-night,43.32,40.65,39.08,0.85,1019.9,4.61,5.58,201,0.08,0,10,261.1,Mexico
success,23.634501,-102.552784,1607619600,Clear,clear-day,63.55,63.55,47.84,0.57,1018,9,16.78,224,0.25,4,10,263.7,Mexico
success,23.634501,-102.552784,1607673600,Partly Cloudy,partly-cloudy-night,50.24,50.24,47.58,0.91,1016.6,8.93,18.89,240,0.39,0,10,260.7,Mexico
success,23.634501,-102.552784,1607688000,Partly Cloudy,partly-cloudy-night,44.38,40.42,44.38,1,1017.4,6.97,12.48,238,0.36,0,10,260.7,Mexico
success,23.634501,-102.552784,1607706000,Mostly Cloudy,partly-cloudy-day,62.29,62.29,48.45,0.61,1016.5,11.4,21.65,257,0.71,4,10,262.3,Mexico
success,23.634501,-102.552784,1607760000,Partly Cloudy,partly-cloudy-night,49.24,47.27,46.57,0.9,1015.7,5.09,6.69,257,0.52,0,10,261.5,Mexico
success,23.634501,-102.552784,1607774400,Partly Cloudy,partly-cloudy-night,44.24,41.93,42.52,0.94,1016.9,4.36,5.7,237,0.47,0,10,259.3,Mexico
success,23.634501,-102.552784,1607792400,Clear,clear-day,62.21,62.21,45.37,0.54,1016.3,6.07,11.84,194,0.29,4,10,260,Mexico
success,23.634501,-102.552784,1607846400,Partly Cloudy,partly-cloudy-night,46.31,41.96,42.82,0.88,1015.7,8.74,17.73,231,0.52,0,10,260.4,Mexico
success,23.634501,-102.552784,1607860800,Partly Cloudy,partly-cloudy-night,39.61,34.11,38.98,0.98,1017.6,7.99,11.47,221,0.39,0,10,260.2,Mexico
success,23.634501,-102.552784,1607878800,Clear,clear-day,61.02,61.02,31.64,0.33,1017.4,10.43,18.97,272,0.21,4,10,263.5,Mexico
