message,lat,lng,time,summary,icon,temperature,apparentTemperature,dewPoint,humidity,pressure,windSpeed,windGust,windBearing,cloudCover,uvIndex,visibility,ozone,Country
success,9.081999,8.675277,1577865600,Clear,clear-day,76.01,76.01,38.84,0.26,1013.1,3.38,3.68,67,0,3,10,242.2,Nigeria
success,9.081999,8.675277,1577880000,Clear,clear-day,91.22,91.22,37.73,0.15,1011.1,4.47,4.69,195,0,10,10,241,Nigeria
success,9.081999,8.675277,1577898000,Clear,clear-day,84.67,84.67,41.6,0.22,1009.2,4.2,6.1,122,0.29,0,10,237.7,Nigeria
success,9.081999,8.675277,1577952000,Clear,clear-day,70.23,70.23,34.11,0.26,1015.4,4.12,4.84,76,0.25,3,10,243.6,Nigeria
success,9.081999,8.675277,1577966400,Clear,clear-day,86.92,86.92,36.32,0.17,1012.2,4.84,5.21,172,0.23,9,10,242.4,Nigeria
success,9.081999,8.675277,1577984400,Clear,clear-day,79.09,79.09,39.11,0.24,1011.3,3.81,6.01,109,0,0,10,238.9,Nigeria
success,9.081999,8.675277,1578038400,Clear,clear-day,67.86,67.86,36.62,0.32,1016.4,3.65,4.19,93,0.01,3,10,243.5,Nigeria
success,9.081999,8.675277,1578052800,Clear,clear-day,86.15,86.15,37.94,0.18,1013.2,4.06,4.6,164,0,10,10,240.9,Nigeria
success,9.081999,8.675277,1578070800,Mostly Cloudy,partly-cloudy-day,78.62,78.62,43.64,0.29,1011.3,4.15,6.48,73,0.86,0,10,242.2,Nigeria
success,9.081999,8.675277,1578124800,Clear,clear-day,68.66,68.66,41.22,0.37,1015.7,3.62,4.56,91,0.01,3,10,247,Nigeria
success,9.081999,8.675277,1578139200,Clear,clear-day,86.34,86.34,44.2,0.23,1012.6,5.08,5.7,158,0.02,10,10,244,Nigeria
success,9.081999,8.675277,1578157200,Mostly Cloudy,partly-cloudy-day,79.88,79.88,45.85,0.3,1010,4.13,6.9,78,0.65,0,10,243,Nigeria
success,9.081999,8.675277,1578211200,Clear,clear-day,72.18,72.18,45.98,0.39,1014.6,4.39,6.54,101,0.01,3,10,248.4,Nigeria
success,9.081999,8.675277,1578225600,Clear,clear-day,88.83,88.83,44.79,0.22,1009.9,9.48,9.96,138,0.07,10,10,246.6,Nigeria
success,9.081999,8.675277,1578243600,Mostly Cloudy,partly-cloudy-day,81.43,81.43,47.93,0.31,1009.1,3.88,5.12,102,0.64,0,10,246,Nigeria
success,9.081999,8.675277,1578297600,Mostly Cloudy,partly-cloudy-day,75.09,75.09,50.24,0.42,1013.3,3.26,4.15,116,0.78,2,10,254.7,Nigeria
success,9.081999,8.675277,1578312000,Overcast,cloudy,89.61,89.61,50.15,0.26,1009.8,6.32,6.67,149,0.89,6,10,253.5,Nigeria
success,9.081999,8.675277,1578330000,Mostly Cloudy,partly-cloudy-day,84.5,84.5,51.41,0.32,1009.1,4.1,4.99,109,0.72,0,10,249.3,Nigeria
success,9.081999,8.675277,1578384000,Clear,clear-day,77.62,77.62,52.82,0.42,1013.5,3.09,6.36,88,0.23,3,10,253.6,Nigeria
success,9.081999,8.675277,1578398400,Clear,clear-day,91.84,91.84,51.39,0.25,1009.7,6.63,9.94,125,0.28,9,10,250.5,Nigeria
success,9.081999,8.675277,1578416400,Clear,clear-day,86.7,86.7,52.5,0.31,1009.1,5.29,10.95,85,0.16,0,10,248.2,Nigeria
success,9.081999,8.675277,1578470400,Clear,clear-day,78.98,78.98,50.24,0.37,1014.5,4.25,8.68,71,0.21,3,10,251.3,Nigeria
success,9.081999,8.675277,1578484800,Clear,clear-day,93.33,93.33,50.43,0.23,1011.2,6.91,9.35,123,0.11,10,10,248,Nigeria
success,9.081999,8.675277,1578502800,Partly Cloudy,partly-cloudy-day,87.82,87.82,49.76,0.27,1010.2,6.24,10.67,75,0.45,0,10,246.4,Nigeria
success,9.081999,8.675277,1578556800,Clear,clear-day,79.41,79.41,47.26,0.32,1013.8,4.56,9.24,66,0.08,3,10,248,Nigeria
success,9.081999,8.675277,1578571200,Clear,clear-day,93.84,93.84,43.02,0.17,1011.1,8.46,12.32,125,0.06,10,10,250.3,Nigeria
success,9.081999,8.675277,1578589200,Clear,clear-day,88.74,88.74,42.99,0.2,1009.6,8.1,15.03,71,0.01,0,10,247.8,Nigeria
success,9.081999,8.675277,1578643200,Clear,clear-day,78.88,78.88,49.64,0.36,1014.8,3.66,6.6,114,0.25,3,10,252.2,Nigeria
success,9.081999,8.675277,1578657600,Clear,clear-day,91.88,91.88,45.12,0.2,1011.9,7.18,10.58,145,0.24,9,10,248.5,Nigeria
success,9.081999,8.675277,1578675600,Clear,clear-day,87.44,87.44,41.76,0.2,1009.2,5.82,8.76,107,0.27,0,10,247,Nigeria
success,9.081999,8.675277,1578729600,Clear,clear-day,78.68,78.68,50.5,0.37,1014.6,3.57,5.06,130,0.03,3,10,247.9,Nigeria
success,9.081999,8.675277,1578744000,Clear,clear-day,90.8,90.8,54.16,0.29,1012.7,7.24,8.82,183,0,10,10,250,Nigeria
success,9.081999,8.675277,1578762000,Clear,clear-day,85.65,85.65,51.03,0.3,1010.5,2.97,5.55,123,0,0,10,247.9,Nigeria
success,9.081999,8.675277,1578816000,Clear,clear-day,77.8,77.8,53.64,0.43,1014.8,4.78,7.57,120,0.22,3,10,252.6,Nigeria
success,9.081999,8.675277,1578830400,Clear,clear-day,92.44,92.44,51.9,0.25,1010.9,7.3,10.36,160,0.05,10,10,252.3,Nigeria
success,9.081999,8.675277,1578848400,Mostly Cloudy,partly-cloudy-day,88.99,88.99,44.81,0.22,1008.9,4.75,6.45,127,0.64,0,10,252.4,Nigeria
success,9.081999,8.675277,1578902400,Clear,clear-day,82.34,82.34,47.82,0.3,1011.9,4.15,7.22,97,0.08,3,10,252.4,Nigeria
success,9.081999,8.675277,1578916800,Clear,clear-day,95.37,95.37,43.1,0.17,1008.8,8.91,9.49,144,0.17,9,10,254.7,Nigeria
success,9.081999,8.675277,1578934800,Clear,clear-day,89.59,89.59,44.04,0.21,1007.5,3.8,4.62,113,0.01,0,10,249.9,Nigeria
success,9.081999,8.675277,1580544000,Clear,clear-day,76.25,76.25,27.21,0.16,1014.2,5.01,7.37,54,0.02,3,10,253,Nigeria
success,9.081999,8.675277,1580558400,Clear,clear-day,95,95,20.93,0.07,1011.6,4.08,4.38,152,0,11,10,253.3,Nigeria
success,9.081999,8.675277,1580576400,Clear,clear-day,84.8,84.8,25.48,0.11,1010.3,5.4,8.78,93,0.23,0,10,253,Nigeria
success,9.081999,8.675277,1580630400,Partly Cloudy,partly-cloudy-day,75.06,75.06,24.07,0.15,1014.3,4.04,4.46,58,0.39,3,10,250.5,Nigeria
success,9.081999,8.675277,1580644800,Partly Cloudy,partly-cloudy-day,92.35,92.35,25.43,0.09,1011.5,5.28,5.51,181,0.54,8,10,250.2,Nigeria
success,9.081999,8.675277,1580662800,Clear,clear-day,84.71,84.71,31.63,0.15,1010.3,3.31,3.72,147,0.07,0,10,248.9,Nigeria
success,9.081999,8.675277,1580716800,Clear,clear-day,77.18,77.18,31.16,0.19,1014.4,3.66,4.17,93,0.23,3,10,254.4,Nigeria
success,9.081999,8.675277,1580731200,Clear,clear-day,92.92,92.92,28.98,0.1,1011.7,4.84,4.93,185,0.16,10,10,254.8,Nigeria
success,9.081999,8.675277,1580749200,Clear,clear-day,85.21,85.21,39.32,0.2,1009.7,2.51,3.52,164,0.01,0,10,253.8,Nigeria
success,9.081999,8.675277,1580803200,Mostly Cloudy,partly-cloudy-day,74.58,74.58,32.27,0.21,1015.8,3.63,4.13,141,0.65,2,10,255.7,Nigeria
success,9.081999,8.675277,1580817600,Partly Cloudy,partly-cloudy-day,90.6,90.6,34.9,0.14,1011.9,4.91,4.91,225,0.42,9,10,255.3,Nigeria
success,9.081999,8.675277,1580835600,Partly Cloudy,partly-cloudy-day,83.41,83.41,38.89,0.21,1009.9,2.22,3.24,162,0.57,0,10,256.1,Nigeria
success,9.081999,8.675277,1580889600,Partly Cloudy,partly-cloudy-day,75.88,75.88,32.81,0.21,1014.4,3.97,4.21,78,0.48,3,10,260.2,Nigeria
success,9.081999,8.675277,1580904000,Partly Cloudy,partly-cloudy-day,90.77,90.77,35.02,0.14,1011.7,5.03,5.18,201,0.52,8,10,260.6,Nigeria
success,9.081999,8.675277,1580922000,Partly Cloudy,partly-cloudy-day,83.65,83.65,39.14,0.21,1010.2,2.35,3.19,170,0.37,0,10,260.1,Nigeria
success,9.081999,8.675277,1580976000,Clear,clear-day,76.55,76.55,33.12,0.21,1013.7,4.77,6.31,86,0.22,3,10,259.6,Nigeria
success,9.081999,8.675277,1580990400,Clear,clear-day,92.22,92.22,34.87,0.13,1011.1,5.76,6.09,150,0.04,11,10,257.1,Nigeria
success,9.081999,8.675277,1581008400,Clear,clear-day,85.38,85.38,39.39,0.2,1009.9,3.22,3.7,109,0.3,0,10,258.3,Nigeria
success,9.081999,8.675277,1581062400,Clear,clear-day,78.83,78.83,35.55,0.21,1014.1,4.46,5.29,69,0,3,10,258.1,Nigeria
success,9.081999,8.675277,1581076800,Clear,clear-day,95.39,95.39,37.7,0.13,1011.2,5.64,6.54,125,0,12,10,256.2,Nigeria
success,9.081999,8.675277,1581094800,Clear,clear-day,88.23,88.23,40.88,0.19,1009,5.29,9.04,89,0.01,0,10,257.6,Nigeria
success,9.081999,8.675277,1581148800,Clear,clear-day,79.9,79.9,35.46,0.2,1013,5.39,10.09,55,0.03,3,10,256.5,Nigeria
success,9.081999,8.675277,1581163200,Clear,clear-day,95.74,95.74,38.03,0.14,1010.4,8.87,12.31,107,0.02,12,10,258,Nigeria
success,9.081999,8.675277,1581181200,Clear,clear-day,89.09,89.09,40.42,0.18,1008.2,6.97,11.43,68,0,0,10,253.9,Nigeria
success,9.081999,8.675277,1581235200,Clear,clear-day,78.21,78.21,42.85,0.28,1013.8,4.73,6.77,104,0.29,3,10,259.8,Nigeria
success,9.081999,8.675277,1581249600,Mostly Cloudy,partly-cloudy-day,94.36,94.36,41.42,0.16,1011.1,7.93,11.14,133,0.6,8,10,256.4,Nigeria
success,9.081999,8.675277,1581267600,Partly Cloudy,partly-cloudy-day,88.16,88.16,44.68,0.22,1009.2,6.95,12.85,70,0.45,0,10,254.9,Nigeria
success,9.081999,8.675277,1581321600,Clear,clear-day,77.52,77.52,42.89,0.29,1015.1,5.61,8.65,83,0.15,3,10,258.9,Nigeria
success,9.081999,8.675277,1581336000,Clear,clear-day,93.97,93.97,40.66,0.16,1012.3,9.39,16.07,103,0.06,11,10,257.3,Nigeria
success,9.081999,8.675277,1581354000,Clear,clear-day,86.68,86.68,40.92,0.2,1010.5,8.43,16.78,54,0.02,0,10,258.5,Nigeria
success,9.081999,8.675277,1581408000,Partly Cloudy,partly-cloudy-day,76.52,76.52,30.4,0.18,1014.6,7.44,16.04,61,0.51,3,10,259.4,Nigeria
success,9.081999,8.675277,1581422400,Clear,clear-day,91.33,91.33,28.73,0.11,1012.5,8.76,14.08,83,0.29,10,10,254.7,Nigeria
success,9.081999,8.675277,1581440400,Clear,clear-day,84.79,84.79,25.85,0.12,1009.2,8.3,19.79,49,0.31,0,10,253.7,Nigeria
success,9.081999,8.675277,1581494400,Clear,clear-day,73.71,73.71,28.25,0.19,1014.9,5.21,7.58,71,0.09,3,10,255.2,Nigeria
success,9.081999,8.675277,1581508800,Clear,clear-day,91.79,91.79,31.56,0.12,1011.7,6.92,7.43,121,0.13,11,10,255.2,Nigeria
success,9.081999,8.675277,1581526800,Partly Cloudy,partly-cloudy-day,83.4,83.4,38.89,0.21,1009.3,4.63,7.33,87,0.46,0,10,254.8,Nigeria
success,9.081999,8.675277,1581580800,Clear,clear-day,74.74,74.74,36.94,0.25,1014,3.77,4.71,92,0.11,3,10,262.6,Nigeria
success,9.081999,8.675277,1581595200,Clear,clear-day,92.18,92.18,38.17,0.15,1011.5,6.58,7.2,145,0.29,10,10,262,Nigeria
success,9.081999,8.675277,1581613200,Partly Cloudy,partly-cloudy-day,85.21,85.21,38.75,0.19,1008.9,3.43,4.35,97,0.49,0,10,256.3,Nigeria
success,9.081999,8.675277,1583049600,Mostly Cloudy,partly-cloudy-day,81.75,81.75,54.3,0.39,1011.6,3.57,4.43,176,0.78,3,10,263.3,Nigeria
success,9.081999,8.675277,1583064000,Mostly Cloudy,partly-cloudy-day,96.33,96.33,59.14,0.29,1008.5,6.2,6.94,195,0.65,8,10,265.4,Nigeria
success,9.081999,8.675277,1583082000,Overcast,cloudy,91.24,91.65,61.72,0.38,1005.9,2.48,4.85,38,0.91,0,10,262.2,Nigeria
success,9.081999,8.675277,1583136000,Clear,clear-day,81.24,84.88,70.12,0.69,1013.3,4.48,4.84,186,0.27,3,10,264.3,Nigeria
success,9.081999,8.675277,1583150400,Humid,clear-day,95.24,105.63,73.55,0.5,1010.7,8,8.54,241,0.15,12,10,261.7,Nigeria
success,9.081999,8.675277,1583168400,Partly Cloudy,partly-cloudy-day,87.82,93.44,70.68,0.57,1007.3,3.81,9.08,306,0.59,0,10,259,Nigeria
success,9.081999,8.675277,1583222400,Mostly Cloudy,partly-cloudy-day,81.01,81.52,59.5,0.48,1014.5,3.92,4.85,132,0.6,3,10,268.7,Nigeria
success,9.081999,8.675277,1583236800,Partly Cloudy,partly-cloudy-day,93.99,95.18,62.77,0.36,1011.5,5.92,9.62,180,0.39,10,10,267.6,Nigeria
success,9.081999,8.675277,1583254800,Mostly Cloudy,partly-cloudy-day,91.58,91.58,60.28,0.35,1007.6,3.29,5.83,104,0.84,0,10,264.3,Nigeria
success,9.081999,8.675277,1583308800,Overcast,cloudy,82.2,82.2,53.84,0.38,1013.3,4.52,6.58,121,0.91,3,10,269.1,Nigeria
success,9.081999,8.675277,1583323200,Mostly Cloudy,partly-cloudy-day,97.35,97.35,54.12,0.24,1011,6.25,9.54,161,0.68,8,10,266.9,Nigeria
success,9.081999,8.675277,1583341200,Partly Cloudy,partly-cloudy-day,92.13,92.13,43.13,0.18,1008.6,4.02,4.93,113,0.46,0,10,264.2,Nigeria
success,9.081999,8.675277,1583395200,Mostly Cloudy,partly-cloudy-day,83.26,83.26,41.87,0.23,1012.5,5.29,7.4,118,0.72,3,10,269.8,Nigeria
success,9.081999,8.675277,1583409600,Partly Cloudy,partly-cloudy-day,98.05,98.05,47.23,0.18,1009.5,6.55,9.29,171,0.42,10,10,271.6,Nigeria
success,9.081999,8.675277,1583427600,Clear,clear-day,92.8,92.8,39.31,0.16,1006.5,2.76,4.74,81,0.06,0,10,266.9,Nigeria
success,9.081999,8.675277,1583481600,Clear,clear-day,83.55,83.55,34.68,0.17,1011.2,4.62,7.03,129,0.02,4,10,268,Nigeria
success,9.081999,8.675277,1583496000,Clear,clear-day,98.24,98.24,37.73,0.12,1008.3,6.16,7.49,181,0,13,10,266.4,Nigeria
success,9.081999,8.675277,1583514000,Clear,clear-day,93.5,93.5,37.43,0.14,1005.7,2.14,4.28,172,0.15,0,10,264.3,Nigeria
success,9.081999,8.675277,1583568000,Overcast,cloudy,82.07,82.07,55.58,0.4,1011.6,3.97,6.61,149,0.98,3,10,267.2,Nigeria
success,9.081999,8.675277,1583582400,Overcast,cloudy,93.85,93.85,56.29,0.28,1009,5.71,6.73,179,0.94,6,10,264.6,Nigeria
success,9.081999,8.675277,1583600400,Overcast,cloudy,91.77,91.77,41.53,0.18,1006.3,3.7,5.04,153,0.96,0,10,261.1,Nigeria
success,9.081999,8.675277,1583654400,Clear,clear-day,81.86,81.86,52.74,0.37,1012.6,4.05,4.64,232,0.3,3,10,261.4,Nigeria
success,9.081999,8.675277,1583668800,Clear,clear-day,97.86,97.86,53.08,0.22,1009.6,4.89,8.07,243,0.24,11,10,262.3,Nigeria
success,9.081999,8.675277,1583686800,Partly Cloudy,partly-cloudy-day,93.15,93.15,52.92,0.26,1007.2,3.97,4.89,157,0.42,0,10,262.7,Nigeria
success,9.081999,8.675277,1583740800,Clear,clear-day,85.62,85.62,32.35,0.15,1010.5,4.88,6.41,117,0.28,3,10,267.6,Nigeria
success,9.081999,8.675277,1583755200,Clear,clear-day,99.3,99.3,42.92,0.15,1008.2,6.62,7.89,184,0.12,12,10,265.7,Nigeria
success,9.081999,8.675277,1583773200,Partly Cloudy,partly-cloudy-day,93.06,93.06,41.04,0.17,1005.6,2.75,4.19,137,0.34,0,10,262.4,Nigeria
success,9.081999,8.675277,1583827200,Clear,clear-day,82.86,82.86,54.33,0.38,1010.7,4.03,4.23,159,0.31,3,10,266.1,Nigeria
success,9.081999,8.675277,1583841600,Clear,clear-day,97.23,101.12,66.16,0.36,1006.6,7.64,7.64,209,0.28,11,10,264.1,Nigeria
success,9.081999,8.675277,1583859600,Partly Cloudy,partly-cloudy-day,92.55,94.26,64.02,0.39,1004.4,3.03,3.72,114,0.36,0,10,261.9,Nigeria
success,9.081999,8.675277,1583913600,Overcast,cloudy,84.5,90.21,71.89,0.66,1009.8,3.74,4.08,151,0.96,3,10,271.1,Nigeria
success,9.081999,8.675277,1583928000,Overcast,cloudy,97.85,102.16,66.54,0.36,1006.9,6.15,7.16,204,0.9,6,10,270,Nigeria
success,9.081999,8.675277,1583946000,Mostly Cloudy,partly-cloudy-day,89.08,94.01,69.51,0.53,1004,4.53,6.82,33,0.64,0,10,261.4,Nigeria
success,9.081999,8.675277,1584000000,Mostly Cloudy,partly-cloudy-day,82.58,82.58,56.93,0.42,1011.6,7.6,10.24,110,0.86,3,10,271.1,Nigeria
success,9.081999,8.675277,1584014400,Mostly Cloudy,partly-cloudy-day,96.36,96.36,30.73,0.1,1008.9,8.27,9.13,125,0.71,8,10,265,Nigeria
success,9.081999,8.675277,1584032400,Mostly Cloudy,partly-cloudy-day,89.5,89.5,27.01,0.11,1006.7,5.6,8.77,114,0.72,0,10,261.1,Nigeria
success,9.081999,8.675277,1584086400,Partly Cloudy,partly-cloudy-day,78.2,78.2,30.06,0.17,1012.6,3.43,4.11,194,0.38,3,10,264.5,Nigeria
success,9.081999,8.675277,1584100800,Partly Cloudy,partly-cloudy-day,93.86,93.86,28.4,0.1,1011,4.31,5.4,216,0.43,10,10,261.5,Nigeria
success,9.081999,8.675277,1584118800,Partly Cloudy,partly-cloudy-day,88.95,88.95,32.4,0.13,1007.8,3.54,5.98,116,0.37,0,10,259.9,Nigeria
success,9.081999,8.675277,1585728000,Humid and Overcast,cloudy,82.45,89.65,75.32,0.79,1011.2,4.88,5,164,0.88,3,10,273.1,Nigeria
success,9.081999,8.675277,1585742400,Humid and Mostly Cloudy,partly-cloudy-day,95.66,106.17,73.54,0.49,1008.3,5.32,6.63,205,0.6,9,10,266.4,Nigeria
success,9.081999,8.675277,1585760400,Humid and Overcast,cloudy,89.08,98.98,74.71,0.63,1005.4,4.54,7.79,199,0.92,0,10,265,Nigeria
success,9.081999,8.675277,1585814400,Humid and Overcast,cloudy,77.7,79.21,73.17,0.86,1010.7,5,8.81,212,1,3,10,270.4,Nigeria
success,9.081999,8.675277,1585828800,Humid and Overcast,cloudy,87.49,96.4,74.32,0.65,1008.9,6.75,7.01,258,1,5,10,267.9,Nigeria
success,9.081999,8.675277,1585846800,Humid and Overcast,cloudy,88.5,97.33,73.92,0.62,1005.3,5.79,7.27,257,0.99,0,10,264.8,Nigeria
success,9.081999,8.675277,1585900800,Humid and Overcast,cloudy,81.75,89.02,76.22,0.83,1011.1,6.71,7.04,224,0.9,3,10,276.3,Nigeria
success,9.081999,8.675277,1585915200,Humid and Mostly Cloudy,partly-cloudy-day,94.83,106.21,74.45,0.52,1007.5,7.69,7.93,247,0.75,7,10,275.6,Nigeria
success,9.081999,8.675277,1585933200,Mostly Cloudy,partly-cloudy-day,90.41,96.72,70.84,0.53,1004.8,3.84,5.86,293,0.78,0,10,266.4,Nigeria
success,9.081999,8.675277,1585987200,Humid and Overcast,cloudy,79.3,84.18,77.44,0.94,1012,6.39,7.05,241,0.96,3,10,276,Nigeria
success,9.081999,8.675277,1586001600,Humid and Overcast,cloudy,89.72,101.55,76.11,0.64,1009.9,6.94,7.4,265,1,5,10,276.5,Nigeria
success,9.081999,8.675277,1586019600,Humid and Overcast,cloudy,89.58,98.14,73.35,0.59,1006.9,6.1,7.78,248,1,0,10,260.3,Nigeria
success,9.081999,8.675277,1586073600,Humid and Mostly Cloudy,partly-cloudy-day,80.39,88.52,78.38,0.94,1013.1,5.45,7.89,317,0.84,3,10,280,Nigeria
success,9.081999,8.675277,1586088000,Humid and Mostly Cloudy,partly-cloudy-day,93.72,107.02,76.15,0.57,1008.8,6.45,8.11,270,0.76,7,10,278.1,Nigeria
success,9.081999,8.675277,1586106000,Humid and Mostly Cloudy,partly-cloudy-day,89.96,100.65,75.13,0.62,1006.3,4.44,9.24,265,0.87,0,10,265.2,Nigeria
success,9.081999,8.675277,1586160000,Humid and Overcast,cloudy,82.22,90.72,77.28,0.85,1012.3,5.68,5.85,201,0.96,3,10,269.7,Nigeria
success,9.081999,8.675277,1586174400,Humid and Overcast,cloudy,94.27,108.25,76.5,0.57,1008.9,7.11,7.11,227,0.97,6,10,269.8,Nigeria
success,9.081999,8.675277,1586192400,Humid and Overcast,cloudy,89.82,101.34,75.84,0.64,1006.9,4.41,9.04,244,0.98,0,10,264.7,Nigeria
success,9.081999,8.675277,1586246400,Humid and Overcast,cloudy,80.25,87.37,77.44,0.91,1012.1,5.22,8.43,241,1,3,10,271,Nigeria
success,9.081999,8.675277,1586260800,Humid and Mostly Cloudy,partly-cloudy-day,92.52,105.69,76.35,0.59,1009,5.38,6.15,236,0.81,7,10,271.3,Nigeria
success,9.081999,8.675277,1586278800,Humid and Mostly Cloudy,partly-cloudy-day,87.52,94.59,72.44,0.61,1006.4,5.11,16.44,316,0.82,0,10,264.5,Nigeria
success,9.081999,8.675277,1586332800,Humid and Mostly Cloudy,partly-cloudy-day,82.14,87.92,73.5,0.75,1011.1,5.41,5.63,181,0.63,4,10,274.2,Nigeria
success,9.081999,8.675277,1586347200,Humid and Partly Cloudy,partly-cloudy-day,94.93,105.54,73.8,0.51,1006.8,6.71,8.78,253,0.48,9,10,270.7,Nigeria
success,9.081999,8.675277,1586365200,Humid and Partly Cloudy,partly-cloudy-day,90.39,99.46,73.61,0.58,1005,5.05,10.05,266,0.43,0,10,267.5,Nigeria
success,9.081999,8.675277,1586419200,Humid and Partly Cloudy,partly-cloudy-day,78.85,82.61,75.71,0.9,1010.9,4.91,5.57,170,0.58,4,10,266.4,Nigeria
success,9.081999,8.675277,1586433600,Humid and Partly Cloudy,partly-cloudy-day,87.52,98.05,75.79,0.68,1008.4,7.65,8,230,0.53,9,10,263.4,Nigeria
success,9.081999,8.675277,1586451600,Humid and Partly Cloudy,partly-cloudy-day,87.91,95.65,73.03,0.62,1006,3.76,5.03,231,0.34,0,10,263,Nigeria
success,9.081999,8.675277,1586505600,Humid and Overcast,cloudy,82.13,88.45,74.36,0.77,1011,6.51,7.02,304,0.97,3,10,265,Nigeria
success,9.081999,8.675277,1586520000,Humid and Overcast,cloudy,89.12,98.29,74.04,0.61,1009.5,6.16,8.04,273,0.99,6,8.949,262.8,Nigeria
success,9.081999,8.675277,1586538000,Overcast,cloudy,85.78,89.43,68.42,0.56,1007.3,4.86,9.67,13,0.94,0,10,262.9,Nigeria
success,9.081999,8.675277,1586592000,Overcast,cloudy,78.27,78.43,61.25,0.56,1011.8,4.2,11.17,36,1,3,10,271.2,Nigeria
success,9.081999,8.675277,1586606400,Overcast,cloudy,91.72,91.72,59.47,0.34,1010.3,6.15,9.24,98,1,5,10,273.5,Nigeria
success,9.081999,8.675277,1586624400,Overcast,cloudy,88.66,88.66,56.13,0.33,1008.9,5.87,10.04,131,1,0,10,263.6,Nigeria
success,9.081999,8.675277,1586678400,Overcast,cloudy,81.32,81.32,56.98,0.43,1013.5,3.52,6.14,92,0.99,3,10,273.7,Nigeria
success,9.081999,8.675277,1586692800,Overcast,cloudy,93,93,57.66,0.31,1010.7,5.56,8.35,233,0.89,6,10,271,Nigeria
success,9.081999,8.675277,1586710800,Mostly Cloudy,partly-cloudy-day,89.64,89.64,51.36,0.27,1007.7,3.78,7.47,91,0.82,0,10,270.8,Nigeria
success,9.081999,8.675277,1586764800,Mostly Cloudy,partly-cloudy-day,84.39,84.39,47.75,0.28,1012.3,5.72,7.69,112,0.64,4,10,276.5,Nigeria
success,9.081999,8.675277,1586779200,Partly Cloudy,partly-cloudy-day,97.22,97.22,47.29,0.18,1009.2,7.39,9.64,143,0.47,9,10,275.5,Nigeria
success,9.081999,8.675277,1586797200,Partly Cloudy,partly-cloudy-day,91.84,91.84,47.15,0.22,1006.5,4.09,5.16,120,0.4,0,10,269.8,Nigeria
success,9.081999,8.675277,1588320000,Humid and Overcast,cloudy,78,80.56,76.71,0.96,1013.9,3.61,5.97,189,1,3,10,278.8,Nigeria
success,9.081999,8.675277,1588334400,Humid and Mostly Cloudy,partly-cloudy-day,86.89,102.45,79.87,0.8,1012.6,6.48,7.68,251,0.84,6,10,272.6,Nigeria
success,9.081999,8.675277,1588352400,Humid and Overcast,cloudy,85.55,94.06,74.72,0.7,1009.6,4.75,11.96,298,0.88,0,10,267.1,Nigeria
success,9.081999,8.675277,1588406400,Humid and Mostly Cloudy,partly-cloudy-day,81.52,88.38,75.93,0.83,1013.8,5.13,5.13,204,0.62,4,10,277.1,Nigeria
success,9.081999,8.675277,1588420800,Humid and Mostly Cloudy,partly-cloudy-day,91.2,105.86,77.72,0.65,1010.3,5.6,5.6,223,0.69,7,10,276.6,Nigeria
success,9.081999,8.675277,1588438800,Humid and Overcast,cloudy,85.62,95.5,76.04,0.73,1007.6,3.58,10.09,265,0.98,0,10,268,Nigeria
success,9.081999,8.675277,1588492800,Humid and Overcast,cloudy,76.79,78.79,76.27,0.98,1012.2,3.71,7.46,265,1,3,10,276.1,Nigeria
success,9.081999,8.675277,1588507200,Humid and Overcast,cloudy,86.35,99.46,78.4,0.77,1010.1,4.58,5.65,220,0.98,5,10,273.6,Nigeria
success,9.081999,8.675277,1588525200,Possible Light Rain and Humid,rain,82.73,90.17,75.36,0.78,1007.8,5.35,16.14,299,0.96,0,10,267.5,Nigeria
success,9.081999,8.675277,1588579200,Humid and Overcast,cloudy,77.91,79.44,73.35,0.86,1012.3,3.98,4.03,281,0.97,3,10,274.4,Nigeria
success,9.081999,8.675277,1588593600,Humid and Mostly Cloudy,partly-cloudy-day,90.54,103.91,77.01,0.65,1009.6,4.37,5.59,243,0.79,7,10,273.2,Nigeria
success,9.081999,8.675277,1588611600,Humid and Mostly Cloudy,partly-cloudy-day,85.56,95.42,76.04,0.73,1008.5,2.79,8.29,20,0.7,0,10,265.2,Nigeria
success,9.081999,8.675277,1588665600,Humid and Mostly Cloudy,partly-cloudy-day,81.64,89.13,76.7,0.85,1013.9,4.57,5.95,244,0.69,4,10,275.3,Nigeria
success,9.081999,8.675277,1588680000,Humid and Mostly Cloudy,partly-cloudy-day,92.01,104.87,76.25,0.6,1009.6,4.9,12.89,250,0.63,8,10,276.2,Nigeria
success,9.081999,8.675277,1588698000,Humid and Partly Cloudy,partly-cloudy-day,88.37,95.8,72.57,0.6,1007.8,2.54,5.47,133,0.34,0,10,272.2,Nigeria
success,9.081999,8.675277,1588752000,Humid,clear-day,83.68,91.17,74.64,0.74,1011.7,5.28,6.2,254,0.18,4,10,272.8,Nigeria
success,9.081999,8.675277,1588766400,Partly Cloudy,partly-cloudy-day,95.34,102.56,70.59,0.45,1009,5.12,9.67,240,0.51,9,10,272.3,Nigeria
success,9.081999,8.675277,1588784400,Humid and Mostly Cloudy,partly-cloudy-day,88.72,97.34,73.66,0.61,1007.1,3.32,5.82,147,0.66,0,10,270.9,Nigeria
success,9.081999,8.675277,1588838400,Humid and Mostly Cloudy,partly-cloudy-day,80.29,88.64,78.72,0.95,1010.8,5.27,7.41,225,0.68,4,10,272.9,Nigeria
success,9.081999,8.675277,1588852800,Humid and Partly Cloudy,partly-cloudy-day,88.96,102.89,77.91,0.7,1008.4,6.55,7.82,283,0.59,8,10,270.9,Nigeria
success,9.081999,8.675277,1588870800,Humid,clear-day,86.35,97.2,76.55,0.73,1005.9,4.37,7.35,248,0.24,0,10,269.1,Nigeria
success,9.081999,8.675277,1588924800,Humid,clear-day,80.25,87.3,77.37,0.91,1011.4,2.25,2.68,214,0.16,5,10,270.2,Nigeria
success,9.081999,8.675277,1588939200,Humid,clear-day,89.24,102.18,77.1,0.68,1009.1,7.22,7.71,228,0.05,12,10,270.3,Nigeria
success,9.081999,8.675277,1588957200,Humid,clear-day,87.88,98.23,75.49,0.67,1006.3,3.54,5.94,212,0.29,0,10,269,Nigeria
success,9.081999,8.675277,1589011200,Humid,clear-day,81.86,90.22,77.4,0.86,1012,4.83,4.88,235,0.19,4,10,270.3,Nigeria
success,9.081999,8.675277,1589025600,Humid,clear-day,91.47,105.84,77.45,0.64,1009.2,6.83,6.88,244,0.27,11,10,268.4,Nigeria
success,9.081999,8.675277,1589043600,Rain and Humid,rain,77.24,78.68,72.53,0.85,1007.8,9.48,18.99,30,0.94,0,10,263.2,Nigeria
success,9.081999,8.675277,1589097600,Humid and Overcast,cloudy,73.37,75.08,73.2,0.99,1012.6,4.15,8.74,143,1,3,10,266.5,Nigeria
success,9.081999,8.675277,1589112000,Humid and Overcast,cloudy,82.92,92.12,77.3,0.83,1011.2,5,6.45,217,0.99,5,10,265.6,Nigeria
success,9.081999,8.675277,1589130000,Humid and Partly Cloudy,partly-cloudy-day,81.82,87.84,74.23,0.78,1008.5,5.55,8.77,287,0.52,0,10,265.9,Nigeria
success,9.081999,8.675277,1589184000,Humid,clear-day,77.6,79.39,75.12,0.92,1013.4,5.42,6.01,143,0.3,4,10,268.2,Nigeria
success,9.081999,8.675277,1589198400,Humid,clear-day,87.27,98.56,76.53,0.71,1011.5,5.43,5.44,246,0.19,11,10,265.9,Nigeria
success,9.081999,8.675277,1589216400,Humid and Mostly Cloudy,partly-cloudy-day,85.64,92.85,73.26,0.67,1008.8,4.42,5.09,223,0.87,0,10,262,Nigeria
success,9.081999,8.675277,1589270400,Humid and Partly Cloudy,partly-cloudy-day,81.1,86.18,73.41,0.78,1014.2,4.87,6.35,202,0.54,4,10,271.8,Nigeria
success,9.081999,8.675277,1589284800,Humid,clear-day,93.03,101.94,72.79,0.52,1010.4,5.74,9.28,271,0.26,11,10,269.1,Nigeria
success,9.081999,8.675277,1589302800,Humid and Overcast,cloudy,83.66,90.65,74.03,0.73,1009,3.74,6.21,295,0.88,0,10,264.4,Nigeria
success,9.081999,8.675277,1589356800,Humid and Overcast,cloudy,78.51,82,77.18,0.96,1013.8,4.61,4.61,237,0.96,3,10,268.8,Nigeria
success,9.081999,8.675277,1589371200,Humid and Overcast,cloudy,88.43,100.57,76.78,0.69,1012.1,5.49,6.63,208,0.96,6,10,267.1,Nigeria
success,9.081999,8.675277,1589389200,Humid and Overcast,cloudy,82.89,90.36,75.25,0.78,1009.8,3.59,5.01,291,0.98,0,10,262.5,Nigeria
success,9.081999,8.675277,1590998400,Humid and Overcast,cloudy,74.35,76.48,74.35,1,1013.6,4.77,6.97,271,1,3,10,281.7,Nigeria
success,9.081999,8.675277,1591012800,Humid and Overcast,cloudy,88.52,105.94,80.34,0.77,1011.2,6.49,7.68,270,0.96,5,10,279.7,Nigeria
success,9.081999,8.675277,1591030800,Humid and Mostly Cloudy,partly-cloudy-day,82.75,93.2,78.62,0.87,1009.1,2.78,5.32,21,0.68,0,9.42,271,Nigeria
success,9.081999,8.675277,1591084800,Humid and Overcast,cloudy,76.7,78.88,76.7,1,1013.6,5.7,5.72,216,0.99,3,10,285.1,Nigeria
success,9.081999,8.675277,1591099200,Humid and Overcast,cloudy,83.79,97.09,80.14,0.89,1011.6,7,7.02,260,0.97,5,10,275,Nigeria
success,9.081999,8.675277,1591117200,Humid and Overcast,cloudy,81.8,89.95,77.23,0.86,1009.5,5.12,7.28,338,0.95,0,10,274.4,Nigeria
success,9.081999,8.675277,1591171200,Humid and Overcast,cloudy,76.8,79.03,76.8,1,1012.9,4.58,5.95,260,0.97,3,10,281.1,Nigeria
success,9.081999,8.675277,1591185600,Humid and Overcast,cloudy,86.65,101.47,79.5,0.79,1010.6,6.32,6.32,250,0.93,5,10,282.2,Nigeria
success,9.081999,8.675277,1591203600,Humid and Overcast,cloudy,82,91.11,77.98,0.88,1008.9,4.56,8.23,4,0.99,0,10,272.7,Nigeria
success,9.081999,8.675277,1591257600,Humid and Mostly Cloudy,partly-cloudy-day,78.35,81.64,77.91,0.99,1013,4.11,5.57,184,0.87,3,10,276.2,Nigeria
success,9.081999,8.675277,1591272000,Humid and Mostly Cloudy,partly-cloudy-day,86.82,102.47,79.98,0.8,1010.6,5.82,6.43,251,0.73,7,10,276.4,Nigeria
success,9.081999,8.675277,1591290000,Humid and Mostly Cloudy,partly-cloudy-day,82.79,91.89,77.33,0.84,1009.1,2.88,4.16,247,0.72,0,10,269.4,Nigeria
success,9.081999,8.675277,1591344000,Humid and Overcast,cloudy,77.04,79.05,76.45,0.98,1014.6,4.53,4.53,210,0.99,3,10,270.5,Nigeria
success,9.081999,8.675277,1591358400,Humid and Overcast,cloudy,85.73,98.64,78.58,0.79,1012.8,5.29,5.56,250,1,5,10,268.9,Nigeria
success,9.081999,8.675277,1591376400,Humid and Mostly Cloudy,partly-cloudy-day,82.28,90.16,76.39,0.82,1010.5,4.22,4.93,316,0.72,0,10,270,Nigeria
success,9.081999,8.675277,1591430400,Humid and Overcast,cloudy,79.08,83.69,77.77,0.96,1015.1,3.51,4.36,189,0.95,3,10,274,Nigeria
success,9.081999,8.675277,1591444800,Humid and Overcast,cloudy,88.01,103.44,79.28,0.75,1012.8,4.74,6.69,190,0.97,5,10,269.3,Nigeria
success,9.081999,8.675277,1591462800,Humid and Overcast,cloudy,82.86,92.77,78.09,0.86,1010.2,2.88,4.04,272,0.99,0,10,261.8,Nigeria
success,9.081999,8.675277,1591516800,Humid and Overcast,cloudy,77.35,79.32,76.26,0.96,1014.4,4.58,5.42,251,0.89,3,10,277.4,Nigeria
success,9.081999,8.675277,1591531200,Humid and Mostly Cloudy,partly-cloudy-day,87.04,100.25,78.13,0.75,1011.9,5.9,5.9,250,0.74,7,10,277.4,Nigeria
success,9.081999,8.675277,1591549200,Humid and Partly Cloudy,partly-cloudy-day,82.09,90.23,76.97,0.85,1009.9,4.35,11.88,313,0.59,0,10,276.8,Nigeria
success,9.081999,8.675277,1591603200,Humid and Partly Cloudy,partly-cloudy-day,77.74,79.78,76.87,0.97,1012.4,6.71,9.57,237,0.38,4,10,285.3,Nigeria
success,9.081999,8.675277,1591617600,Humid,clear-day,88.37,101.3,77.39,0.7,1010.3,5.97,5.97,258,0.14,10,10,284,Nigeria
success,9.081999,8.675277,1591635600,Humid and Partly Cloudy,partly-cloudy-day,81.87,89.92,77.1,0.86,1007.8,3.67,5.88,289,0.37,0,10,274.2,Nigeria
success,9.081999,8.675277,1591689600,Humid and Overcast,cloudy,75.41,77.37,75.41,1,1013.5,4.8,9.53,244,0.99,3,10,277.7,Nigeria
success,9.081999,8.675277,1591704000,Humid and Overcast,cloudy,84.99,96.08,77.51,0.78,1011.3,6.08,8.54,253,0.94,5,10,282.3,Nigeria
success,9.081999,8.675277,1591722000,Humid and Overcast,cloudy,80.71,86.36,75.15,0.83,1009.6,5.8,12.42,303,0.92,0,10,274.3,Nigeria
success,9.081999,8.675277,1591776000,Humid and Overcast,cloudy,77.24,79.07,75.28,0.94,1013.9,3.82,5.24,185,0.89,3,10,279.3,Nigeria
success,9.081999,8.675277,1591790400,Humid and Overcast,cloudy,87.33,97.35,75.41,0.68,1012.1,5.98,6.06,236,0.92,6,10,279,Nigeria
success,9.081999,8.675277,1591808400,Humid and Mostly Cloudy,partly-cloudy-day,81.05,85.91,73.03,0.77,1010.7,5.32,6.08,275,0.85,0,10,270.8,Nigeria
success,9.081999,8.675277,1591862400,Humid and Mostly Cloudy,partly-cloudy-day,77.79,79.66,75.79,0.94,1013.9,6.24,7.77,213,0.8,3,10,267.9,Nigeria
success,9.081999,8.675277,1591876800,Humid and Partly Cloudy,partly-cloudy-day,85.8,97.55,77.61,0.77,1010.7,7.85,7.85,277,0.54,8,10,267.2,Nigeria
success,9.081999,8.675277,1591894800,Rain and Humid,rain,76.91,78.47,73.3,0.89,1008.7,5.2,5.72,18,0.97,0,10,268.5,Nigeria
success,9.081999,8.675277,1591948800,Humid and Overcast,cloudy,73.41,75.12,73.22,0.99,1012.7,3.1,4.17,132,1,3,10,275.3,Nigeria
success,9.081999,8.675277,1591963200,Humid and Overcast,cloudy,84.7,95.51,77.45,0.79,1011.1,3.96,4.69,214,0.93,6,10,274.2,Nigeria
success,9.081999,8.675277,1591981200,Humid and Overcast,cloudy,80.17,86.47,76.59,0.89,1009.2,3.09,3.83,238,0.94,0,10,272,Nigeria
success,9.081999,8.675277,1592035200,Humid and Mostly Cloudy,partly-cloudy-day,76.47,78.42,75.81,0.98,1014,3.95,4.12,165,0.79,3,10,276.9,Nigeria
success,9.081999,8.675277,1592049600,Humid and Mostly Cloudy,partly-cloudy-day,87.96,101.52,78.01,0.72,1010.9,4.1,5.49,206,0.84,6,10,279.6,Nigeria
success,9.081999,8.675277,1592067600,Humid and Mostly Cloudy,partly-cloudy-day,82.27,90.23,76.52,0.83,1009.5,3.19,7.72,201,0.65,0,10,271.2,Nigeria
success,9.081999,8.675277,1593590400,Humid and Mostly Cloudy,partly-cloudy-day,75.13,77.22,75.13,1,1013.9,3.07,3.41,200,0.85,3,10,270.9,Nigeria
success,9.081999,8.675277,1593604800,Humid and Mostly Cloudy,partly-cloudy-day,84.56,95.56,77.72,0.8,1012,4.75,4.75,193,0.79,7,10,272.1,Nigeria
success,9.081999,8.675277,1593622800,Humid and Mostly Cloudy,partly-cloudy-day,80.51,86.07,75.36,0.84,1009.2,1.83,3.73,213,0.87,0,10,274.6,Nigeria
success,9.081999,8.675277,1593676800,Humid and Partly Cloudy,partly-cloudy-day,77.96,79.89,76.21,0.94,1013.4,3.69,4.9,184,0.51,3,10,273.3,Nigeria
success,9.081999,8.675277,1593691200,Humid and Partly Cloudy,partly-cloudy-day,86.17,98.57,77.94,0.77,1010.5,5.91,6.52,195,0.58,8,10,269.9,Nigeria
success,9.081999,8.675277,1593709200,Humid and Overcast,cloudy,83.43,91.26,75.25,0.76,1007.9,2.12,2.94,277,0.98,0,10,270.1,Nigeria
success,9.081999,8.675277,1593763200,Humid and Mostly Cloudy,partly-cloudy-day,75.92,78.19,75.92,1,1011.6,3.88,6.17,227,0.85,3,10,274.2,Nigeria
success,9.081999,8.675277,1593777600,Humid and Overcast,cloudy,84.4,99.99,81.33,0.91,1009.5,5.65,6.26,228,0.96,5,10,271.9,Nigeria
success,9.081999,8.675277,1593795600,Rain and Humid,rain,79.38,84.32,77.25,0.93,1007.6,3.18,4.87,297,0.94,0,10,270.7,Nigeria
success,9.081999,8.675277,1593849600,Humid and Overcast,cloudy,73.28,75.15,73.28,1,1013.5,3.43,5.43,212,0.99,3,10,272.3,Nigeria
success,9.081999,8.675277,1593864000,Humid and Overcast,cloudy,81.29,90.52,78.66,0.92,1011.1,3.67,5.69,218,0.99,5,10,274.1,Nigeria
success,9.081999,8.675277,1593882000,Humid and Overcast,cloudy,77.51,79.35,75.43,0.93,1009,5.84,5.84,237,0.97,0,10,272.8,Nigeria
success,9.081999,8.675277,1593936000,Humid and Overcast,cloudy,73.93,75.76,73.93,1,1013.9,4.08,7.69,216,0.89,3,10,278.8,Nigeria
success,9.081999,8.675277,1593950400,Humid and Mostly Cloudy,partly-cloudy-day,82.38,90.5,76.59,0.83,1011.7,5.32,5.32,264,0.83,6,10,279.7,Nigeria
success,9.081999,8.675277,1593968400,Humid and Mostly Cloudy,partly-cloudy-day,78.77,82.31,75.15,0.89,1009.1,3.42,4.49,303,0.72,0,10,279.5,Nigeria
success,9.081999,8.675277,1594022400,Humid and Overcast,cloudy,73.81,75.67,73.81,1,1012.1,3.79,6.22,267,1,3,10,279.1,Nigeria
success,9.081999,8.675277,1594036800,Humid and Overcast,cloudy,80.81,87.4,76.38,0.86,1010.3,5.61,7.86,290,1,5,10,275.9,Nigeria
success,9.081999,8.675277,1594054800,Humid and Overcast,cloudy,78.79,82.18,74.24,0.86,1007.6,4.19,6.32,329,1,0,10,274.5,Nigeria
success,9.081999,8.675277,1594108800,Humid and Overcast,cloudy,72.28,74.35,72.28,1,1011.6,3.49,4.27,184,1,3,10,278.6,Nigeria
success,9.081999,8.675277,1594123200,Humid and Overcast,cloudy,81.03,89.77,78.41,0.92,1009.9,3.92,3.95,188,0.97,5,10,272.1,Nigeria
success,9.081999,8.675277,1594141200,Humid and Mostly Cloudy,partly-cloudy-day,77.91,79.68,75.07,0.91,1008.1,3.5,3.76,51,0.71,0,10,274.9,Nigeria
success,9.081999,8.675277,1594195200,Humid and Overcast,cloudy,74.08,75.96,74.08,1,1011.9,2.69,2.71,141,0.93,3,10,275,Nigeria
success,9.081999,8.675277,1594209600,Humid and Overcast,cloudy,83.08,92.14,76.99,0.82,1010.7,4.97,4.97,206,0.88,6,10,272.6,Nigeria
success,9.081999,8.675277,1594227600,Humid and Mostly Cloudy,partly-cloudy-day,80.4,85.38,74.34,0.82,1008.2,3.11,3.55,252,0.85,0,10,275.7,Nigeria
success,9.081999,8.675277,1594281600,Humid and Mostly Cloudy,partly-cloudy-day,75.21,77.43,75.21,1,1013.2,4.02,5.3,181,0.74,3,9.933,274.9,Nigeria
success,9.081999,8.675277,1594296000,Humid and Mostly Cloudy,partly-cloudy-day,82.54,94.34,79.86,0.92,1011.2,5.9,6.67,238,0.8,7,10,271,Nigeria
success,9.081999,8.675277,1594314000,Possible Light Rain and Humid,rain,78.1,79.86,75.12,0.91,1009,3.61,4.36,300,0.69,0,7.235,274.5,Nigeria
success,9.081999,8.675277,1594368000,Rain,rain,71.31,72.9,71.31,1,1013,4.5,8.98,304,0.99,3,8.666,277.3,Nigeria
success,9.081999,8.675277,1594382400,Humid and Overcast,cloudy,78.61,82.13,76.26,0.93,1011.3,4.93,6.48,241,1,5,10,272.8,Nigeria
success,9.081999,8.675277,1594400400,Possible Light Rain and Humid,rain,75.01,76.75,73.95,0.97,1009.9,3.51,5.16,249,1,0,10,273.1,Nigeria
success,9.081999,8.675277,1594454400,Overcast,cloudy,70.72,72.51,70.72,1,1014,3.56,3.56,209,1,3,10,272.5,Nigeria
success,9.081999,8.675277,1594468800,Humid and Overcast,cloudy,77.61,79.61,76.53,0.96,1012.6,4.43,4.43,243,0.98,5,10,272.8,Nigeria
success,9.081999,8.675277,1594486800,Humid and Overcast,cloudy,74.7,76.46,74.01,0.98,1010.8,2.28,3.4,209,0.92,0,10,274.3,Nigeria
success,9.081999,8.675277,1594540800,Humid and Overcast,cloudy,72.17,73.9,72.17,1,1015,5.1,5.79,320,1,3,10,274.5,Nigeria
success,9.081999,8.675277,1594555200,Humid and Overcast,cloudy,80.72,87.6,76.78,0.88,1012.3,4.16,6.67,279,1,5,10,277.8,Nigeria
success,9.081999,8.675277,1594573200,Humid and Overcast,cloudy,77.16,78.83,74.12,0.9,1010.1,2.36,3.74,229,1,0,10,272.9,Nigeria
success,9.081999,8.675277,1594627200,Humid and Overcast,cloudy,72.37,74.41,72.37,1,1012.7,2.92,6.12,217,0.92,3,10,271.4,Nigeria
success,9.081999,8.675277,1594641600,Humid and Mostly Cloudy,partly-cloudy-day,80.01,87.97,78.6,0.96,1010.8,5.91,6.96,216,0.76,7,10,270.8,Nigeria
success,9.081999,8.675277,1594659600,Humid and Partly Cloudy,partly-cloudy-day,76.51,78.38,75.32,0.96,1008,3.29,4.71,222,0.51,0,10,273.7,Nigeria
success,9.081999,8.675277,1596268800,Humid and Mostly Cloudy,partly-cloudy-day,73.33,75.2,73.33,1,1015.5,4.83,5.93,172,0.86,3,9.563,278.9,Nigeria
success,9.081999,8.675277,1596283200,Possible Light Rain and Humid,rain,80.77,89.15,78.29,0.92,1012.8,6.13,6.59,240,0.76,7,10,278.8,Nigeria
success,9.081999,8.675277,1596301200,Possible Light Rain and Humid,rain,76.63,78.61,76.11,0.98,1010.9,4.38,5.24,3,0.33,0,10,278.9,Nigeria
success,9.081999,8.675277,1596355200,Humid and Overcast,cloudy,74.07,76.21,74.07,1,1014,4.82,6.85,188,0.93,3,10,277.7,Nigeria
success,9.081999,8.675277,1596369600,Rain and Humid,rain,78.24,81.52,78.24,1,1012,7.19,7.92,255,0.93,6,5.214,277.5,Nigeria
success,9.081999,8.675277,1596387600,Rain and Humid,rain,74.33,76.2,74.33,1,1011.2,4.8,7.27,63,0.96,0,5.931,271.9,Nigeria
success,9.081999,8.675277,1596441600,Rain,rain,69.67,71.75,69.67,1,1014.9,5.49,13.38,246,1,3,1.184,276,Nigeria
success,9.081999,8.675277,1596456000,Possible Light Rain and Humid,rain,72.61,74.58,72.61,1,1014.1,8.82,15.49,268,1,5,9.391,275.8,Nigeria
success,9.081999,8.675277,1596474000,Overcast,cloudy,72.95,74.3,70.71,0.93,1012.9,6.71,15.17,297,1,0,10,275.8,Nigeria
success,9.081999,8.675277,1596528000,Humid and Overcast,cloudy,72.17,73.98,72.17,1,1016.3,5.77,7.68,235,0.97,3,10,278.7,Nigeria
success,9.081999,8.675277,1596542400,Humid and Mostly Cloudy,partly-cloudy-day,81.35,87.45,74.94,0.81,1014.3,8.71,11.55,260,0.78,7,10,276.7,Nigeria
success,9.081999,8.675277,1596560400,Humid and Partly Cloudy,partly-cloudy-day,76.34,77.8,72.39,0.88,1012.5,6.74,8.41,313,0.47,0,10,279.4,Nigeria
success,9.081999,8.675277,1596614400,Mostly Cloudy,partly-cloudy-day,71.43,73.19,71.43,1,1014.8,5.07,7.54,193,0.79,3,8.648,276.2,Nigeria
success,9.081999,8.675277,1596628800,Possible Light Rain and Humid,rain,78.37,81.67,77.44,0.97,1012.8,7.93,8.14,266,0.95,6,8.589,275.4,Nigeria
success,9.081999,8.675277,1596646800,Possible Light Rain and Humid,rain,74.36,76.07,73.51,0.97,1010.7,4.37,4.92,62,0.97,0,5.68,275.9,Nigeria
success,9.081999,8.675277,1596700800,Rain,rain,68.35,70.23,68.35,1,1013.9,6.43,10.9,223,1,3,1.843,280.1,Nigeria
success,9.081999,8.675277,1596715200,Rain,rain,70.45,72.32,70.45,1,1013.5,7.16,7.6,212,1,5,0.602,276.4,Nigeria
success,9.081999,8.675277,1596733200,Possible Light Rain,rain,70.2,71.75,70.2,1,1012.7,5.12,8.98,259,1,0,6.497,277.5,Nigeria
success,9.081999,8.675277,1596787200,Overcast,cloudy,69.37,71.06,69.37,1,1015.8,6.51,10.38,239,0.96,3,9.194,274.2,Nigeria
success,9.081999,8.675277,1596801600,Humid and Overcast,cloudy,75.93,77.8,75.18,0.98,1014.3,7.32,9.69,226,0.93,6,10,269.4,Nigeria
success,9.081999,8.675277,1596819600,Overcast,cloudy,75.05,76.41,71.39,0.88,1012.8,3.57,5.22,276,0.9,0,10,275.6,Nigeria
success,9.081999,8.675277,1596873600,Humid and Overcast,cloudy,72.44,74.38,72.44,1,1016.9,4.82,8.27,170,0.99,3,10,275.7,Nigeria
success,9.081999,8.675277,1596888000,Humid and Overcast,cloudy,78.33,81.33,75.51,0.91,1014.7,6.91,7.38,236,0.96,5,10,278.1,Nigeria
success,9.081999,8.675277,1596906000,Humid and Mostly Cloudy,partly-cloudy-day,76.45,77.89,72.35,0.87,1012.6,4.57,7.42,348,0.61,0,10,279,Nigeria
success,9.081999,8.675277,1596960000,Partly Cloudy,partly-cloudy-day,73.27,74.79,71.89,0.95,1015.3,5.44,5.93,245,0.58,3,10,275,Nigeria
success,9.081999,8.675277,1596974400,Humid and Mostly Cloudy,partly-cloudy-day,80.75,86.08,74.47,0.81,1013.4,6.99,8.24,272,0.61,8,10,271.7,Nigeria
success,9.081999,8.675277,1596992400,Humid and Overcast,cloudy,77.79,79.18,72.28,0.83,1010.5,5.66,6.68,237,1,0,10,278.5,Nigeria
success,9.081999,8.675277,1597046400,Humid and Overcast,cloudy,72.44,74.13,72.44,1,1013,5.33,6.72,252,0.99,3,10,282.7,Nigeria
success,9.081999,8.675277,1597060800,Humid and Overcast,cloudy,77.36,79.46,77.11,0.99,1011.3,6.8,8.38,237,0.99,5,10,282.7,Nigeria
success,9.081999,8.675277,1597078800,Possible Light Rain and Humid,rain,74.39,76.09,73.51,0.97,1009.7,4,6.09,287,0.96,0,10,281.9,Nigeria
success,9.081999,8.675277,1597132800,Humid and Mostly Cloudy,partly-cloudy-day,72.05,73.71,72.05,1,1014.3,5.14,7.22,160,0.69,3,10,282.2,Nigeria
success,9.081999,8.675277,1597147200,Humid and Mostly Cloudy,partly-cloudy-day,79.3,83.25,74.37,0.85,1012.6,6.68,7.51,239,0.65,8,10,280.9,Nigeria
success,9.081999,8.675277,1597165200,Partly Cloudy,partly-cloudy-day,76.53,77.86,71.58,0.85,1010.7,4.56,6.18,312,0.56,0,10,283.1,Nigeria
success,9.081999,8.675277,1597219200,Humid,clear-day,74.72,76.19,72.12,0.92,1015.2,3.97,5.64,228,0.07,4,10,280.3,Nigeria
success,9.081999,8.675277,1597233600,Humid,clear-day,84.2,91.47,74.05,0.72,1013.1,5.29,6.37,273,0.21,11,10,281.7,Nigeria
success,9.081999,8.675277,1597251600,Partly Cloudy,partly-cloudy-day,80.23,84.15,71.99,0.76,1010.5,4.63,6.33,289,0.51,0,10,278.2,Nigeria
success,9.081999,8.675277,1597305600,Humid and Overcast,cloudy,76.62,78.19,73.31,0.9,1013.2,3.36,4.05,225,0.89,3,10,270.7,Nigeria
success,9.081999,8.675277,1597320000,Humid and Mostly Cloudy,partly-cloudy-day,82.48,92.07,78.07,0.87,1010,6.52,6.7,249,0.76,7,6.016,271.1,Nigeria
success,9.081999,8.675277,1597338000,Rain and Humid,rain,74.97,76.74,74.15,0.97,1008.6,4.31,4.83,20,0.95,0,10,270.6,Nigeria
success,9.081999,8.675277,1598947200,Rain,rain,70.03,71.94,70.03,1,1012.8,3.9,6.95,328,1,3,4.491,270.2,Nigeria
success,9.081999,8.675277,1598961600,Humid and Overcast,cloudy,74.7,76.96,74.7,1,1010.4,6.86,9.5,290,1,5,10,268.7,Nigeria
success,9.081999,8.675277,1598979600,Humid and Overcast,cloudy,75.64,77.28,73.52,0.93,1008.5,5.32,8.41,333,0.96,0,10,269.1,Nigeria
success,9.081999,8.675277,1599033600,Humid and Overcast,cloudy,72.63,74.3,72.63,1,1013.4,4.71,7.55,170,1,3,10,272.2,Nigeria
success,9.081999,8.675277,1599048000,Humid and Overcast,cloudy,80.22,87.3,77.43,0.91,1010.3,6.28,6.43,257,1,5,7.372,273.1,Nigeria
success,9.081999,8.675277,1599066000,Humid and Overcast,cloudy,76.22,77.75,72.86,0.89,1008.2,3.75,4.3,325,0.96,0,10,273,Nigeria
success,9.081999,8.675277,1599120000,Humid and Overcast,cloudy,74.13,76,74.13,1,1013.4,1.93,2.27,161,0.98,3,10,272.4,Nigeria
success,9.081999,8.675277,1599134400,Humid and Overcast,cloudy,84.98,96.5,77.89,0.79,1011.2,3.19,3.19,217,0.91,6,10,270.4,Nigeria
success,9.081999,8.675277,1599152400,Humid and Mostly Cloudy,partly-cloudy-day,79.51,84.19,75.91,0.89,1009.9,2.18,2.61,358,0.68,0,10,265.9,Nigeria
success,9.081999,8.675277,1599206400,Possible Light Rain and Humid,rain,73.46,75.44,73.46,1,1014.3,3.31,5.97,197,0.97,3,8.466,265,Nigeria
success,9.081999,8.675277,1599220800,Rain and Humid,rain,77.81,79.99,77.81,1,1012.3,5.03,11.43,254,0.98,6,10,265.3,Nigeria
success,9.081999,8.675277,1599238800,Possible Light Rain and Humid,rain,73.17,74.85,72.93,0.99,1010.8,4.33,13.91,326,1,0,10,266.5,Nigeria
success,9.081999,8.675277,1599292800,Overcast,cloudy,71.03,72.87,71.03,1,1013.2,3.83,5.99,243,1,3,10,270.7,Nigeria
success,9.081999,8.675277,1599307200,Humid and Mostly Cloudy,partly-cloudy-day,78.41,81.7,76.95,0.95,1011.2,6.84,9.09,244,0.8,7,7.748,268.9,Nigeria
success,9.081999,8.675277,1599325200,Rain and Humid,rain,75.29,76.94,73.46,0.94,1008.8,4.79,5.25,269,0.95,0,9.545,270.5,Nigeria
success,9.081999,8.675277,1599379200,Rain,rain,69.59,71.51,69.59,1,1012.6,5.82,15.39,265,1,3,8.643,271.9,Nigeria
success,9.081999,8.675277,1599393600,Humid and Overcast,cloudy,76.54,78.37,75.1,0.95,1010.9,4.63,10.47,304,1,5,10,270.7,Nigeria
success,9.081999,8.675277,1599411600,Overcast,cloudy,76.26,77.66,71.98,0.87,1009,3.67,5.42,311,1,0,10,270.4,Nigeria
success,9.081999,8.675277,1599465600,Humid and Overcast,cloudy,75.33,77.08,74.18,0.96,1012.5,4.35,6.86,299,0.88,3,10,270.5,Nigeria
success,9.081999,8.675277,1599480000,Humid and Overcast,cloudy,83.14,91.49,76.12,0.79,1009.2,5.27,6.19,285,0.88,6,10,273.9,Nigeria
success,9.081999,8.675277,1599498000,Possible Light Rain and Humid,rain,76.13,77.93,74.74,0.95,1007.2,4.53,4.98,329,0.7,0,10,273.9,Nigeria
success,9.081999,8.675277,1599552000,Humid and Partly Cloudy,partly-cloudy-day,77.36,79.36,76.49,0.97,1010.9,2.61,3.2,86,0.36,4,10,271.6,Nigeria
success,9.081999,8.675277,1599566400,Rain and Humid,rain,83.55,96.21,79.83,0.89,1008.6,7.18,8.08,165,0.3,11,8.673,269.6,Nigeria
success,9.081999,8.675277,1599584400,Rain and Humid,rain,79.1,83.09,75.37,0.88,1007.4,3.4,4.99,87,0.96,0,6.967,269,Nigeria
success,9.081999,8.675277,1599638400,Humid and Mostly Cloudy,partly-cloudy-day,72.14,74.01,72.14,1,1012.9,3.44,5.98,175,0.78,4,9.818,264.2,Nigeria
success,9.081999,8.675277,1599652800,Humid and Mostly Cloudy,partly-cloudy-day,82.57,92.11,77.97,0.86,1011.6,4.9,6.62,165,0.69,8,10,262.3,Nigeria
success,9.081999,8.675277,1599670800,Possible Light Rain and Humid,rain,76.38,78.13,74.49,0.94,1009.9,3.2,6.32,243,0.78,0,8.147,264.1,Nigeria
success,9.081999,8.675277,1599724800,Humid and Mostly Cloudy,partly-cloudy-day,74.5,76.45,74.5,1,1014.4,3.85,7.06,166,0.76,4,10,268.7,Nigeria
success,9.081999,8.675277,1599739200,Humid and Overcast,cloudy,78.65,82.73,78.65,1,1012.2,4.92,6.33,232,0.92,6,6.944,267.8,Nigeria
success,9.081999,8.675277,1599757200,Rain and Humid,rain,74.32,76.07,73.8,0.98,1010.2,3.79,4.34,9,0.82,0,7.87,269.3,Nigeria
success,9.081999,8.675277,1599811200,Humid and Mostly Cloudy,partly-cloudy-day,72.81,74.64,72.81,1,1011.4,3.57,5.27,248,0.72,4,10,267.9,Nigeria
success,9.081999,8.675277,1599825600,Humid and Overcast,cloudy,83.03,92.23,77.2,0.83,1009.7,4.36,4.44,248,0.89,6,10,268.8,Nigeria
success,9.081999,8.675277,1599843600,Humid and Overcast,cloudy,78.28,81.2,75.39,0.91,1008.6,4.56,4.6,340,0.99,0,10,268.6,Nigeria
success,9.081999,8.675277,1599897600,Humid and Mostly Cloudy,partly-cloudy-day,76.15,78.14,75.97,0.99,1012,3.28,3.28,161,0.84,3,10,267.4,Nigeria
success,9.081999,8.675277,1599912000,Humid and Mostly Cloudy,partly-cloudy-day,82.35,94.66,80.4,0.94,1009.8,3.44,4.46,196,0.76,7,9.719,266.3,Nigeria
success,9.081999,8.675277,1599930000,Possible Light Rain and Humid,rain,77.67,79.56,75.84,0.94,1009.4,2.41,2.81,230,0.77,0,10,264.9,Nigeria
success,9.081999,8.675277,1599984000,Overcast,cloudy,71.56,73.45,71.56,1,1014,4.03,8.41,126,0.99,3,10,269.4,Nigeria
success,9.081999,8.675277,1599998400,Humid and Overcast,cloudy,79.69,84.98,76.97,0.91,1012.6,4.46,4.46,167,0.93,6,10,270.5,Nigeria
success,9.081999,8.675277,1600016400,Humid and Mostly Cloudy,partly-cloudy-day,76.22,77.95,74.25,0.94,1011,2.58,2.83,213,0.76,0,10,268.7,Nigeria
success,9.081999,8.675277,1601539200,Humid and Mostly Cloudy,partly-cloudy-day,74.48,76.08,72.89,0.95,1013.4,3.84,4.32,189,0.67,4,10,275.7,Nigeria
success,9.081999,8.675277,1601553600,Humid and Mostly Cloudy,partly-cloudy-day,85.29,94.66,75.73,0.73,1009.6,6.04,6.04,249,0.74,7,10,274.6,Nigeria
success,9.081999,8.675277,1601571600,Humid and Mostly Cloudy,partly-cloudy-day,78.47,81.46,74.03,0.86,1008.5,4.41,5.22,329,0.78,0,10,275.6,Nigeria
success,9.081999,8.675277,1601625600,Rain and Humid,rain,73.79,75.57,73.79,1,1011.9,3.84,11.48,104,0.96,3,10,276.8,Nigeria
success,9.081999,8.675277,1601640000,Humid and Overcast,cloudy,82.91,91.71,76.85,0.82,1009.3,6.25,17.19,142,1,5,10,276.1,Nigeria
success,9.081999,8.675277,1601658000,Overcast,cloudy,77.02,78.31,71.39,0.83,1009,4.59,7.98,143,0.97,0,10,274,Nigeria
success,9.081999,8.675277,1601712000,Overcast,cloudy,73.75,75.25,71.99,0.94,1014.1,3.31,8.24,136,0.89,3,10,275.5,Nigeria
success,9.081999,8.675277,1601726400,Humid and Overcast,cloudy,81.9,86.83,72.26,0.73,1011,3.44,6.09,123,0.99,5,10,270.8,Nigeria
success,9.081999,8.675277,1601744400,Humid and Overcast,cloudy,76.85,78.34,72.81,0.87,1009.4,1.75,2.98,53,1,0,10,271,Nigeria
success,9.081999,8.675277,1601798400,Humid and Partly Cloudy,partly-cloudy-day,77.32,78.78,72.68,0.86,1013.7,3.19,4.71,131,0.34,4,10,276.3,Nigeria
success,9.081999,8.675277,1601812800,Humid,clear-day,87.27,99.72,77.46,0.73,1010.7,4.81,6.34,183,0.24,10,9.618,273.9,Nigeria
success,9.081999,8.675277,1601830800,Humid and Mostly Cloudy,partly-cloudy-day,80.1,85.72,75.87,0.87,1008.9,2.53,3.09,73,0.82,0,10,272.7,Nigeria
success,9.081999,8.675277,1601884800,Humid and Overcast,cloudy,77.37,79.46,77.09,0.99,1012.6,2.85,3.82,194,0.99,3,10,276.4,Nigeria
success,9.081999,8.675277,1601899200,Humid and Overcast,cloudy,82.3,92.95,79.12,0.9,1010.8,7.61,7.9,187,0.98,5,9.828,275.4,Nigeria
success,9.081999,8.675277,1601917200,Humid and Mostly Cloudy,partly-cloudy-day,77.03,78.43,72.18,0.85,1009.9,4.47,4.77,347,0.86,0,10,277.3,Nigeria
success,9.081999,8.675277,1601971200,Humid and Overcast,cloudy,75.81,77.27,72.3,0.89,1014.6,5.78,5.97,127,0.97,3,10,283.4,Nigeria
success,9.081999,8.675277,1601985600,Humid and Overcast,cloudy,85.21,94.44,75.62,0.73,1010.9,5.27,7.05,183,0.99,5,10,272.9,Nigeria
success,9.081999,8.675277,1602003600,Humid and Mostly Cloudy,partly-cloudy-day,79.39,83.74,75.37,0.88,1009.3,2.98,4.94,333,0.7,0,10,273,Nigeria
success,9.081999,8.675277,1602057600,Humid and Overcast,cloudy,73.37,75.37,73.37,1,1013.7,3.84,5.36,215,0.99,3,10,280.5,Nigeria
success,9.081999,8.675277,1602072000,Humid and Overcast,cloudy,83.81,93.78,77.3,0.81,1011.2,5.44,5.59,210,0.88,6,10,281.4,Nigeria
success,9.081999,8.675277,1602090000,Rain and Humid,rain,77.43,79.17,74.78,0.92,1010.2,4.05,4.13,42,0.89,0,10,276.7,Nigeria
success,9.081999,8.675277,1602144000,Humid and Mostly Cloudy,partly-cloudy-day,76.4,78.21,74.91,0.95,1014.7,3.31,3.92,179,0.86,3,10,279.5,Nigeria
success,9.081999,8.675277,1602158400,Humid and Mostly Cloudy,partly-cloudy-day,82.11,90.25,76.94,0.84,1011.6,4.32,4.53,232,0.77,7,10,278.3,Nigeria
success,9.081999,8.675277,1602176400,Humid and Mostly Cloudy,partly-cloudy-day,74.94,76.54,72.97,0.94,1010.4,2.18,3.35,36,0.77,0,10,272.4,Nigeria
success,9.081999,8.675277,1602230400,Humid and Mostly Cloudy,partly-cloudy-day,75.34,77.14,74.52,0.97,1014.2,2.37,2.94,137,0.7,4,10,278.3,Nigeria
success,9.081999,8.675277,1602244800,Humid and Mostly Cloudy,partly-cloudy-day,85.3,96.13,77.09,0.77,1011,4.3,5.17,202,0.72,7,10,277.4,Nigeria
success,9.081999,8.675277,1602262800,Humid and Mostly Cloudy,partly-cloudy-day,78.21,79.78,73.75,0.86,1010.6,2.88,3.72,23,0.69,0,10,272.8,Nigeria
success,9.081999,8.675277,1602316800,Humid and Overcast,cloudy,75.13,76.93,74.35,0.97,1015.2,4.49,6.43,137,0.97,3,10,276.5,Nigeria
success,9.081999,8.675277,1602331200,Humid and Mostly Cloudy,partly-cloudy-day,85.59,96.94,77.38,0.77,1011.2,5.97,8.3,181,0.81,6,10,276.6,Nigeria
success,9.081999,8.675277,1602349200,Humid and Partly Cloudy,partly-cloudy-day,79.73,84.56,75.63,0.87,1010,2.03,3.52,214,0.53,0,10,274.6,Nigeria
success,9.081999,8.675277,1602403200,Humid and Mostly Cloudy,partly-cloudy-day,75.89,77.77,75.18,0.98,1013.8,4.23,6.31,190,0.7,3,10,281,Nigeria
success,9.081999,8.675277,1602417600,Humid and Partly Cloudy,partly-cloudy-day,85.24,96.19,77.23,0.77,1010.7,5.48,7.39,266,0.54,8,10,280.4,Nigeria
success,9.081999,8.675277,1602435600,Humid and Mostly Cloudy,partly-cloudy-day,79.29,83.49,75.24,0.87,1009.3,3.77,5.94,52,0.77,0,10,277,Nigeria
success,9.081999,8.675277,1602489600,Humid,clear-day,77.06,78.98,75.79,0.96,1013.2,3.91,5.26,176,0.31,4,10,277.8,Nigeria
success,9.081999,8.675277,1602504000,Humid and Partly Cloudy,partly-cloudy-day,87.56,97.79,75.52,0.68,1009.1,4.93,8.26,251,0.54,8,10,277,Nigeria
success,9.081999,8.675277,1602522000,Humid and Partly Cloudy,partly-cloudy-day,80.13,85.81,75.91,0.87,1008.4,2.23,4.24,188,0.56,0,10,276.1,Nigeria
success,9.081999,8.675277,1602576000,Humid and Overcast,cloudy,75.77,77.87,75.77,1,1012.7,4.08,4.63,199,0.94,3,10,282,Nigeria
success,9.081999,8.675277,1602590400,Humid and Overcast,cloudy,83.04,94.7,79.41,0.89,1010,5.39,7.33,248,0.93,5,10,281.9,Nigeria
success,9.081999,8.675277,1602608400,Humid and Mostly Cloudy,partly-cloudy-day,79.02,83.08,76,0.91,1009.2,3.09,3.66,293,0.84,0,10,273.5,Nigeria
success,9.081999,8.675277,1604217600,Partly Cloudy,partly-cloudy-day,78.48,78.48,59.1,0.51,1012.2,4.57,8.03,87,0.34,4,10,280.1,Nigeria
success,9.081999,8.675277,1604232000,Partly Cloudy,partly-cloudy-day,90.99,91.18,61.27,0.37,1009.2,5.56,9.7,133,0.36,8,10,275.7,Nigeria
success,9.081999,8.675277,1604250000,Partly Cloudy,partly-cloudy-night,84.98,85.15,60.86,0.44,1007.9,3.99,6.11,58,0.5,0,10,274,Nigeria
success,9.081999,8.675277,1604304000,Mostly Cloudy,partly-cloudy-day,77.3,77.3,59.5,0.54,1013.4,5,8.56,109,0.85,3,10,279.6,Nigeria
success,9.081999,8.675277,1604318400,Mostly Cloudy,partly-cloudy-day,88.52,89.13,62.39,0.42,1011,7.28,12.42,139,0.83,6,10,278.1,Nigeria
success,9.081999,8.675277,1604336400,Partly Cloudy,partly-cloudy-night,83.11,83.55,60.99,0.47,1009.4,3.66,5.32,41,0.41,0,10,272.4,Nigeria
success,9.081999,8.675277,1604390400,Partly Cloudy,partly-cloudy-day,81.67,82.07,59.73,0.47,1013.4,7.06,11.8,74,0.54,3,10,276.3,Nigeria
success,9.081999,8.675277,1604404800,Partly Cloudy,partly-cloudy-day,92.53,92.62,60.83,0.35,1010.9,9.39,16.55,98,0.41,8,10,276.7,Nigeria
success,9.081999,8.675277,1604422800,Mostly Cloudy,partly-cloudy-night,85.38,86.2,62.77,0.47,1009.3,5.49,8.03,62,0.87,0,10,272.3,Nigeria
success,9.081999,8.675277,1604476800,Overcast,cloudy,80.35,81.15,60.19,0.5,1013,5.41,11.83,91,0.93,3,10,274.4,Nigeria
success,9.081999,8.675277,1604491200,Mostly Cloudy,partly-cloudy-day,91.37,92.39,62.96,0.39,1010.2,5.88,12.66,140,0.63,7,10,275.2,Nigeria
success,9.081999,8.675277,1604509200,Mostly Cloudy,partly-cloudy-night,85.53,86.31,62.66,0.46,1009.1,4.21,6.93,36,0.81,0,10,268.2,Nigeria
success,9.081999,8.675277,1604563200,Overcast,cloudy,79.71,79.78,60.03,0.51,1012.9,5.1,11.68,91,0.97,3,10,272.3,Nigeria
success,9.081999,8.675277,1604577600,Overcast,cloudy,90.6,90.6,60.39,0.37,1010.2,6.4,13.23,122,0.96,5,10,269.6,Nigeria
success,9.081999,8.675277,1604595600,Overcast,cloudy,84.99,84.99,59.62,0.42,1009.3,4.78,8.59,34,0.98,0,10,266.6,Nigeria
success,9.081999,8.675277,1604649600,Partly Cloudy,partly-cloudy-day,80.41,80.82,58.08,0.47,1013.6,5.26,9.43,74,0.54,3,10,272.6,Nigeria
success,9.081999,8.675277,1604664000,Clear,clear-day,91.86,91.86,59.4,0.34,1011.2,4.95,6.46,162,0.18,9,10,273.3,Nigeria
success,9.081999,8.675277,1604682000,Clear,clear-night,85.17,85.58,61.62,0.45,1009.6,3.29,4.41,40,0.02,0,10,271.1,Nigeria
success,9.081999,8.675277,1604736000,Clear,clear-day,77.33,77.33,57.44,0.5,1014.5,4.59,4.89,122,0.14,4,10,277,Nigeria
success,9.081999,8.675277,1604750400,Partly Cloudy,partly-cloudy-day,88.71,89.99,63.8,0.44,1012.1,6.39,6.39,190,0.35,8,10,276.9,Nigeria
success,9.081999,8.675277,1604768400,Partly Cloudy,partly-cloudy-night,82.51,84.49,65.5,0.57,1010.7,2.19,3.29,98,0.52,0,10,269.5,Nigeria
success,9.081999,8.675277,1604822400,Clear,clear-day,78.06,78.06,56.56,0.48,1014.6,4.83,5.74,119,0.29,4,10,273.8,Nigeria
success,9.081999,8.675277,1604836800,Mostly Cloudy,partly-cloudy-day,88.41,89.32,63.05,0.43,1012.5,5.41,5.66,180,0.76,6,10,273.1,Nigeria
success,9.081999,8.675277,1604854800,Overcast,cloudy,82.66,83.71,62.82,0.51,1011.8,2.53,3.28,121,0.9,0,10,270.8,Nigeria
success,9.081999,8.675277,1604908800,Partly Cloudy,partly-cloudy-day,80.07,80.91,60.02,0.5,1015.1,4.53,5.95,95,0.4,3,10,277,Nigeria
success,9.081999,8.675277,1604923200,Partly Cloudy,partly-cloudy-day,89.38,90.51,63.44,0.42,1011.5,5.57,6.38,175,0.4,8,10,275.1,Nigeria
success,9.081999,8.675277,1604941200,Mostly Cloudy,partly-cloudy-night,82.95,83.63,61.72,0.49,1010.7,2.65,3.4,104,0.62,0,10,274.7,Nigeria
success,9.081999,8.675277,1604995200,Clear,clear-day,78.18,78.18,58.47,0.51,1014.4,5.33,6.21,117,0.02,4,10,277.1,Nigeria
success,9.081999,8.675277,1605009600,Clear,clear-day,88.74,88.74,60.34,0.39,1010.7,5.35,6.35,176,0.02,10,10,277.2,Nigeria
success,9.081999,8.675277,1605027600,Clear,clear-night,82.34,82.93,61.05,0.49,1010.7,2.33,3,90,0.25,0,10,271.7,Nigeria
success,9.081999,8.675277,1605081600,Clear,clear-day,78.07,78.07,55.73,0.46,1013.7,5.04,6.91,103,0.23,4,10,282.4,Nigeria
success,9.081999,8.675277,1605096000,Clear,clear-day,89.43,89.43,57.5,0.34,1010.9,4.43,5.41,181,0.17,9,10,281.9,Nigeria
success,9.081999,8.675277,1605114000,Clear,clear-night,82.7,82.88,59.72,0.46,1009.3,2.78,3.28,82,0.03,0,10,274.1,Nigeria
success,9.081999,8.675277,1605168000,Overcast,cloudy,80.89,80.89,56.41,0.43,1013.6,4.47,6.4,68,0.9,3,10,274.6,Nigeria
success,9.081999,8.675277,1605182400,Overcast,cloudy,93.23,93.23,57.37,0.3,1010.8,4.6,6.93,150,0.91,5,10,274.1,Nigeria
success,9.081999,8.675277,1605200400,Clear,clear-night,86.07,86.07,56.1,0.36,1009.9,3.81,5.95,75,0.29,0,10,270.1,Nigeria
success,9.081999,8.675277,1605254400,Partly Cloudy,partly-cloudy-day,81.77,81.77,56.96,0.43,1013.5,4.65,9.02,49,0.51,3,10,276.2,Nigeria
success,9.081999,8.675277,1605268800,Mostly Cloudy,partly-cloudy-day,93.38,93.38,57.74,0.3,1010.9,6.24,10.26,135,0.65,7,10,273.5,Nigeria
success,9.081999,8.675277,1605286800,Partly Cloudy,partly-cloudy-night,86.04,86.04,59.87,0.41,1009.9,3.55,5.25,61,0.45,0,10,268.2,Nigeria
success,9.081999,8.675277,1606809600,Mostly Cloudy,partly-cloudy-day,79.13,79.13,45.31,0.3,1012.7,4.88,8.72,86,0.78,3,10,266.8,Nigeria
success,9.081999,8.675277,1606824000,Partly Cloudy,partly-cloudy-day,93.22,93.22,43.37,0.18,1010.1,5.92,9.54,154,0.42,7,10,266.9,Nigeria
success,9.081999,8.675277,1606842000,Clear,clear-night,86.75,86.75,40.26,0.2,1008.6,4.82,8.19,56,0,0,10,262.6,Nigeria
success,9.081999,8.675277,1606896000,Clear,clear-day,78.9,78.9,37.13,0.22,1012.8,4.87,6.73,110,0.01,3,10,270.7,Nigeria
success,9.081999,8.675277,1606910400,Clear,clear-day,92.19,92.19,38.84,0.16,1010.2,5.29,6.88,178,0.17,8,10,271.4,Nigeria
success,9.081999,8.675277,1606928400,Clear,clear-day,86.21,86.21,41.04,0.2,1009.1,3.91,6.36,65,0.28,0,10,263.6,Nigeria
success,9.081999,8.675277,1606982400,Clear,clear-day,78.62,78.62,41.26,0.26,1014.1,5.11,6.21,129,0.15,3,10,266.5,Nigeria
success,9.081999,8.675277,1606996800,Mostly Cloudy,partly-cloudy-day,91.14,91.14,42.82,0.19,1011.2,5.35,6.95,179,0.72,6,10,266.5,Nigeria
success,9.081999,8.675277,1607014800,Partly Cloudy,partly-cloudy-day,85.6,85.6,45.36,0.25,1009.5,3.27,5.15,110,0.58,0,10,260.1,Nigeria
success,9.081999,8.675277,1607068800,Clear,clear-day,79.46,79.46,43.39,0.28,1014.3,4.68,6.6,128,0.22,3,10,264.9,Nigeria
success,9.081999,8.675277,1607083200,Clear,clear-day,91,91,48.13,0.23,1012.2,5.97,6.84,177,0.04,9,10,265.6,Nigeria
success,9.081999,8.675277,1607101200,Clear,clear-day,85.22,85.22,50.08,0.3,1009.8,2.82,3.56,114,0.18,0,10,258.2,Nigeria
success,9.081999,8.675277,1607155200,Clear,clear-day,79.35,79.35,45.99,0.31,1014,4.68,4.85,123,0.21,3,10,265.5,Nigeria
success,9.081999,8.675277,1607169600,Partly Cloudy,partly-cloudy-day,91.3,91.3,52.95,0.27,1011.5,5.38,6.99,186,0.48,7,10,266.5,Nigeria
success,9.081999,8.675277,1607187600,Overcast,cloudy,85.84,85.84,53.93,0.34,1009,2.81,4.33,120,0.89,0,10,261.9,Nigeria
success,9.081999,8.675277,1607241600,Partly Cloudy,partly-cloudy-day,80.8,80.8,45.53,0.29,1012.4,5.92,7.14,109,0.47,3,10,271.3,Nigeria
success,9.081999,8.675277,1607256000,Partly Cloudy,partly-cloudy-day,92.19,92.19,49.72,0.24,1009.9,6.84,8.3,160,0.47,7,10,271.1,Nigeria
success,9.081999,8.675277,1607274000,Clear,clear-day,86.62,86.62,50.32,0.29,1008.7,3.33,5.11,87,0.3,0,10,264.3,Nigeria
success,9.081999,8.675277,1607328000,Partly Cloudy,partly-cloudy-day,80.53,80.53,50.23,0.35,1013.7,4.45,7.65,113,0.37,3,10,270,Nigeria
success,9.081999,8.675277,1607342400,Clear,clear-day,92.12,92.12,55.78,0.3,1011.7,5.89,9.98,172,0.23,8,10,267.3,Nigeria
success,9.081999,8.675277,1607360400,Partly Cloudy,partly-cloudy-day,87.76,87.76,51.91,0.29,1010.2,3.27,6.51,35,0.37,0,10,258.6,Nigeria
success,9.081999,8.675277,1607414400,Partly Cloudy,partly-cloudy-day,81.43,81.43,49.27,0.33,1013.4,5.2,9.9,116,0.57,3,10,261.7,Nigeria
success,9.081999,8.675277,1607428800,Mostly Cloudy,partly-cloudy-day,93.93,93.93,47.94,0.21,1010.6,7.91,14.14,141,0.61,7,10,262.2,Nigeria
success,9.081999,8.675277,1607446800,Partly Cloudy,partly-cloudy-day,88.05,88.05,46.43,0.24,1009.7,4.3,6.33,42,0.33,0,10,260.4,Nigeria
success,9.081999,8.675277,1607500800,Partly Cloudy,partly-cloudy-day,80.07,80.07,49.92,0.35,1012.7,4.18,5.82,133,0.57,3,10,262.6,Nigeria
success,9.081999,8.675277,1607515200,Mostly Cloudy,partly-cloudy-day,92.97,92.97,52.27,0.25,1009.1,5.94,9.37,164,0.84,6,10,260.5,Nigeria
success,9.081999,8.675277,1607533200,Mostly Cloudy,partly-cloudy-day,87.59,87.59,55.94,0.34,1008.9,2.92,5.15,37,0.87,0,10,255,Nigeria
success,9.081999,8.675277,1607587200,Clear,clear-day,79.87,79.87,47.5,0.32,1012.7,4.96,7.6,105,0.25,3,10,270.7,Nigeria
success,9.081999,8.675277,1607601600,Partly Cloudy,partly-cloudy-day,93.55,93.55,52.16,0.25,1009.4,6.31,8.53,153,0.37,7,10,271.3,Nigeria
success,9.081999,8.675277,1607619600,Clear,clear-day,88.08,88.08,55.35,0.33,1008.4,2.78,4.95,59,0.29,0,10,258.5,Nigeria
success,9.081999,8.675277,1607673600,Partly Cloudy,partly-cloudy-day,80.39,80.39,48.47,0.33,1013.5,3.8,4.75,116,0.44,3,10,263.8,Nigeria
success,9.081999,8.675277,1607688000,Clear,clear-day,92.88,92.88,54.12,0.27,1010.9,5.4,6.51,188,0.3,8,10,264,Nigeria
success,9.081999,8.675277,1607706000,Partly Cloudy,partly-cloudy-day,88.09,88.09,53.98,0.31,1008.7,3.36,5.31,116,0.33,0,10,257.5,Nigeria
success,9.081999,8.675277,1607760000,Partly Cloudy,partly-cloudy-day,80.23,80.23,51.51,0.37,1012.7,3.77,4.85,144,0.33,3,10,261,Nigeria
success,9.081999,8.675277,1607774400,Partly Cloudy,partly-cloudy-day,92.24,92.24,58.26,0.32,1009.7,6.44,7.64,187,0.53,7,10,260.7,Nigeria
success,9.081999,8.675277,1607792400,Clear,clear-day,88.02,88.02,59.32,0.38,1008.5,3.79,4.68,202,0.26,0,10,257.5,Nigeria
success,9.081999,8.675277,1607846400,Mostly Cloudy,partly-cloudy-day,79.92,81.15,62.02,0.54,1012,4.34,5.33,145,0.74,3,10,265.4,Nigeria
success,9.081999,8.675277,1607860800,Partly Cloudy,partly-cloudy-day,92.79,92.79,60.13,0.34,1008.2,5.69,7.1,207,0.38,8,10,261.9,Nigeria
success,9.081999,8.675277,1607878800,Clear,clear-day,88,88.6,62.39,0.43,1006.3,3.72,4.72,179,0.2,0,10,254.2,Nigeria
